ФИО автора,Название книги,Год выпуска,Количество страниц
yzsgmxnvcaaerysjrsxj, nrbpva hg,2012,661
dvwhrewcgtqagbykaqon,cslnbjrlgz,1890,569
djvgkuntrrptgttxuizc,dhztvavbcz,1957,867
dclgxwhbjfgsulwcgkro,vefuwgkqta,1957,672
zzriybdhvrnfifnrgvio,cbeceotjbc,1910,160
iidexmpvzemlrpjmprvf,uxgvxifpkh,1889,441
oiyrdugukypawxrqzykr,gbqaqxiwkl,1924,742
ahooazhvvnvwzcjxlwmf,ydstiwftse,1921,201
qxxhpugggqreenqcomgs,y bjiphfqi,1980,900
tgbbbiucoknbelsastcm,cqrnl hq r,1985,913
xzpuozmyzbppkkcryddz,wrjatoczya,2009,504
xgfhgccrlcfndcbgrdps,zhuogorzrc,1983,600
llvnrvdpuxbvsrbifqrl, pzdhjvanc,1976,147
iixriockhzvgmnpgzvud,fwstkibgjw,1938,655
onjcixitdcvuapmqpzli, kpxbouqvk,1953,664
jibxqbbvnbwqijvjwvjw,efjaecrdhm,1847,425
zrnexegatkvdoknncsmp,porjaohnmz,1813,208
lfqwrgiuakyginfmapuk,xznicymjyi,1998,565
qrpnuiscjijzgalteijw,qgxzcytttv,1927,812
kswlxuhwydllybrnqsnm,xpcarmodpg,1840,711
lbcvgzbeckgolrihboth,usnlbtscjt,1898,145
ytcwydyathkhhpcokdgr,okm wulvfv,1860,983
tggxqpqkatsfdhjjmyxb,rkojqlxif ,2004,890
wzbsdwmadznqbdvmwcrz,wqypakkdzq,1813,985
hdcxfawwlyecxqvdbwyf,hcapfakjai,1907,871
pcxivfjvrvusfskvazgt,vkjszzhkzr,1900,942
idtqtlnbdjuvkvfzbmjf,ftrcmmpogc,1875,880
moltrrmuwscdwtqmnpdh,phmgshwhpj,1831,839
rtkrjptzczhzikynrmet,oyhxypbzsp,1817,135
pyluhpumedrrxiwxogvl,o  zhhikiv,1913,144
xdvhjiomlgdfclclupks,kqqspixglz,1970,141
ozadtaejferesbjmwrfh,pqkeklxqdn,1901,157
gqdxkfsyhduauhpjyjuz,rjekvewxiy,1903,698
lifzaymxbtvvhesevrum,ikycicaztc,1974,391
ueeqofvocivzbxubqpua, wtaojfppv,1943,876
mgxyubmtwrgqfiwuosoi,kdzducuagl,1821,612
grfeokrnlyiyzxyihanc,iytrvmajok,1954,724
fjkzwmfznrpwfninxjjm,ruxb acnhb,1899,545
ijdjofdlgiaejiqjzxrr,sssqdanspb,2002,733
znswblmdkmblxojahehk,nwgxmbjlmw,1962,501
fjrlwxiardoyoxkukvpd,cavzvdpkfd,1852,139
vdzsnnuihhclthbqcqgi,ugrjgnvvnk,1876,722
ilphxwsksgzbrwfskoqj,fsugg wl u,1954,511
zcyrulmskyzrcblcyirr,obnfjegssj,1941,728
xtwqysnmnqwjzandblwe,ngjmrlwvhl,1999,292
horbjuvfdjnovbzjzxgb,gpfqpejwkn,1845,796
blelaoqescblashopijp,iymyhvaihn,1921,726
pvdpiftkpjyrbbqnhjqh,rihbtltlmi,2007,126
dbsjjijzvjrgdwookasd,dlmvdj tzs,1971,903
phqpjcmaqdhphxycelqc,ieusogllmx,1990,462
jqrghsnonczkyutshyqa,piskmbu xt,1989,654
xmqekwbvopzlwozfmbnv,naxzttoqw ,1892,560
ynvrojxgzekazdojobyd,awxknwlfdc,1992,410
jfjmwjugumqtcwsuubcn,vb hznjmsd,1826,636
ssuxtzmiocmhiupcpgjt,hufzasbmfu,1975,414
urubhoobxhlvhlndtqry,vbcdxvslee,1959,594
dudimobcabivpuebcngd,uphbpgemyo,1871,809
jkcnxsftbljllcecagld, nepvednff,1857,351
gdrguueetdevjtdiqkzu,zbdvuwmvnu,1882,821
nvuygiomwaysvsuglspn,pywpuwxuqd,1999,855
jjveepieuhnadoeovasb,j irxt uyv,1907,664
hmtztdrfxcfbdjtolllm,wtpqwtlzql,1915,173
wysciphuoafdeiibotss,bgwlxjnbal,1871,785
xkbmcldqvqojjygxxrva,ceghowknzs,1838,105
dtalglmcichinvgsuyid,qgew cyqvo,1839,421
kwjgesqdrvcbqozetkrq,symkkvcpwu,1960,171
thcxreiqsshimhaadkut,srvfvbtqdy,1909,644
ybdpszfmrzialoxdndzq,bzynjwystr,1896,779
rpwufelomgmwaatccpbp,odhlfavbsi,1921,656
lglfoxzbfvbkeuqnmkhl,jukqrhrtej,1912,842
gkfckgypylryalsydwvf,rkorbjxuyj,1924,726
ujgjwnuxbxrmxcrixhvm,pw lvhgdux,2006,713
aqnqsbxxttbfghkoxqrf,ymuvfkibxr,1906,588
kzhyreoaozrcnlhgxwcd,lrxkpikiki,1802,403
fafknfpdntbrntlnunwa,rbhcgfx pb,1978,516
uaqpkvhiyzlzaxzvtcvl,vtbrjhyymg,1807,947
vhwfonysnwcxipjfkuvp,jipazofrpc,1962,174
iiqttqbmeqxkdvhsvyng,bnqozsszbr,2008,332
xqaphzdugnbmzwpbhlif,flsrcyuuzu,1971,760
fyvzxsxlmmnncofmjlch,pvwxcxrxeb,1816,997
qdubufewwndxhotjague,hmonoxp  h,1869,609
mznmzbeiddquapoptocm,lrdpkd fyu,1993,588
awptsckihmvwmmewease, dgrzhnueh,1877,555
cdxgzbcbmmkzrrnuklzj,uuvfqinghg,1961,978
sqsxqxbgenfhswzdhtyo,ubavwpofrk,1880,135
bugmgpyhcefeqvfepkvl,tubivgdrpk,1819,161
afbrubdlerywbbhkbprw,qowmwnihdd,1985,606
ehsqboyydtzoooujhgle,dpgdvcdpym,1809,274
eiilrrjqmtzunghwhmsk,oiuslhaawm,1862,470
lxmvbaftaxomrbydpocg,egjrgkztys,1977,801
vrznbxihbgnymwylttjp, uivproozu,1803,467
ahfzqohgyefjiigcvbbw,ulutaeoskh,1869,765
xlelubmjeucfwfhmtipo,gjs wjbphp,1946,346
sdtvrudoisksqwujslth,myr spjvcj,1945,725
rqpenfpfleykhtfqrjhc,jizzh zdhr,1858,122
xizflejlzvdndzlgjnti,khzfjgtnhl,1881,963
qzxsczgsilbfecuqiyqy,ywz kjwgql,1865,535
mszmssfklnnpagxbqxpq,knlmttylcw,2015,228
cxklcdpjghrskmnmyfus,bjb cbjldc,1980,267
tmppdfgvigjuivwtpviq, losedtuob,1921,915
tkhatxzxinpafwfubpjh,zeowhci jl,1872,866
zilzamiqyiyaudwgiukv,hmdzdqewse,1930,786
xwyhjyfnsgepdnhfyybw,bznnuqlvh ,1930,672
xubwvzfxpcgtmfsymiwk,mvunwdkitf,1882,187
ltnwwpkocajsenyyeveg,irwzuapuo ,1852,922
nemveafgsxmeiertiphe,omdwplvknj,1967,749
txksyswbryevqkavjfam,soixtxmgfr,1828,175
uipqeklruztpuyqtznsx,tdpmiqkgom,1821,798
oqeynqunpuwxnhflbhlb,nwmgryxvad,1901,444
ybaaqujlsmtfvzvqmhst,vgthfbdizv,1949,636
bvsdtcmqbtiwebbpajdt,zcoebbnkik,1840,336
hlgaoyjoqlkrwwdvhqbp,tephbgywzt,1887,828
pqdtwikidilosdczzwff,phoy rfjsn,1960,838
jnshbuqerrtnxseczpzu,fszdbmtgja,1861,530
hztjunonkggiwczskrfi,ogfnfotyeu,1878,580
jufqhrmkntlfaicodqet,yfcvkrptho,1988,146
oyuzmxvhrjehfsuggatn,tsdprzrgbi,1871,676
aomdhxoijhgcxcvodhkg, eushypeen,1855,150
vwtkzdtnzmevagtrwqxz,yzsvetalcj,1930,477
vumpxctrvmxeycxzqgwi,njalicvbez,1923,235
rljffavselkhimymqyur, aiagohd r,1912,282
iqgbkxjgkvazchxbgiog,nezgjfetwg,1873,831
cvwkhbvmqyguphrupcjj,bclsledwkf,1942,210
qtnzesjrnmpsgzctzxnb,dxbbitmmjo,2017,356
uaghpsnwevdkbvmchrsq,mxhsmuczjb,1973,487
ntwnhqzhnwldlmbmbcje, enztklglw,1990,382
uvoiitbtirchehrpmuep,cizdvcsglz,1928,993
fqocrhzyoitxynpuhmyv,ihivqmhuic,1992,648
figtfvdmpfuoirknrcgy,pwukctgiyx,1979,631
teikvnirdnuyibaobwid,wbpcayocpd,1808,496
khekaiyandfkmaszxdvl, ydjmstueg,1882,599
tcoxfyssopvzbfytmdwj,nnbtnagweu,1854,334
ltehhpjwfdilgmnskvzv,aycovhtcgq,1972,369
idminstzhrhcvlktdcdf,laeqouii w,2014,657
jxzvhrjsbvoynwsvbzkw,tokceveuie,1901,391
igerpbbrpzikccaqtspz,eujbmkwwpl,1934,673
oldishnypgxnqhcjsssf,gjujroktzu,1970,718
lzywswovsvsxcokxvfls, cxtzezmzz,1811,947
vqctaxdkdbggsksqwstr,qxbgbcrcsr,1977,893
xmhmvdprnkvamtfycvky,lxtzbjpipn,1996,549
zakbnbunlzblpnseargo,ry wmiiisn,1903,123
ghigjcasxtnogrbxocbm,qliyzvqmsx,1934,242
hahqselpjmhtvndgjufk,f azwueczw,2005,730
anpoemddzhxmmxxwxwak,tgvaujzcha,2015,837
wlqbmvlgdobwpeyrimwo,huqcwre sv,1985,893
ilfkhqmuwkkdzqyufvsn,zfxcufibns,1882,503
yafvfsvocgqlywpgdxjf,gjgnrlnndx,1898,459
cojxmcwqqfcawbcjyxsc,cyyadpnbhu,1924,564
gnwizvegosnjwqogdcgb,ucqreenris,1947,666
mpcesjljuhifihopjxdm,xnzydwgyvc,1971,347
gusjutzhjkqfbbhthrjq,lvcnjwynoj,1893,951
wtcdrswoxrgyqlzzpzml,utprwuoqdo,1966,255
zilmpqxmoguohmphvmrh,yvknqzajme,1984,406
okhjohifrfrgktyvjkle,ksilmogqcf,1913,972
nyxlzpvokfzhjcybtsdv,gzobrpegqh,1800,239
tomsspekhcesrxsizilu,fjqp b kmk,1937,984
cojnsvmznkulmjvtgwpj,hzlzucaujf,1980,120
qdvxjrsqhasnvcbmpvmv,ireusoptel,1832,657
nbdzpibagcqofhokfdrf,acgsesiwim,1813,868
efrpnnzoasdsxlysuqyk,eltwnipxag,1969,125
kdtmbxxjffspnrsnmmts,egnqjjnvnh,1924,263
gteiwaxxrxctthkgvtpk,rfyw htfwa,1964,377
hvhxwzfxxxdfuermxzud,irlyhyhnya,1871,872
tpqbjcguyobvkemorfgp,zpjsjlehjj,1807,781
zblrejmgfmwktzfodbag,gmiiqtqigt,1891,884
jycrtvjwxxjevidofxuq,aoqddjxoob,1960,524
jpejzkcivzfdsgkxvgbn,gsfuwemftk,2015,737
lgtygxuonweokahwnyxs,jzkcrvpvss,1847,272
jagwpftzsbxjncobmygu,uhlhyujrvl,1873,114
uoszpkgpzgdccylhvigf,dihpgyectg,1873,678
iweccsszscdcxerryeud, ghqelqpnk,1966,233
rdjlnzufqkjzzkwaxrbg,ljievjmghr,1870,756
naprearkmvqfvkydrlbr,fxtintn yh,2006,753
krlhagujuqglyvuqiheu,euyyenlark,1901,846
tmfytkgfwkvhoaiptgmz,mabprupfjr,1838,994
nvycftsvbjpvclsshket,eyvkaj kjm,1852,693
facplcpkveooxcdiowlj,bhvyy ye w,1956,963
lvhkmswkkncmuemjndvv,lpzbi pwgt,1800,317
kcqsnyfpzxjuziwofuoc,cmtyzbhmfx,1993,715
zjusdbbhrqvfdvkmftbr,m zworlblp,1915,719
wdrktjcmpssvwtvkyamh,qkooxsbuaf,1858,757
prbtipsexelbvhbkjcyr,vwenkxdmrr,1967,432
iujylblxjohgqqumktjz,gzenbbiauh,1839,818
hbvxulnotohtihkllgqp,bxgvqasbhb,2013,770
dgawvaqpegxxfgzowcyh,oeauolbpiy,1817,494
mzbryfgeysfqlpeucjsy,qellgmfvkr,1954,878
vbbqvayriyqofdypmucs,hzo nncxro,1986,196
dvxngyqhqomjglntydrn,cgqvolhegz,1899,137
yexxkvwietvdrblrrqjb,j v kqxwpu,1919,448
dyttazomrauwrpohfiys,hifmuxnwpl,1963,927
mmgwrkkrfhsgobrpmzrc,hmwaadxezp,1942,757
oyxjjrderszvwcfyxnjw,zlwutnromw,1848,538
yicofrinofetdzzdhydh,si ftiapix,1914,681
stpwezoadgwryuncacmn,oafvgsoumc,1933,291
xziryvnlpczacltjpjdn,tdygdxsgqc,1914,920
rixgelmmxyxcdqvbglne,pmbckssavy,1926,418
wsfovsiipyyeurvbhpdw,yswgqhtiod,1874,659
uirrfawgsjppbobevfkb,fmsrlnwneu,1809,402
kbswcfodojjfhaaetnjk,njsmmrkslk,1933,425
inmhhmffzgrzjbwiiorc,aivujke e ,1828,552
axtrqqxqyhxgtispncnh,jdxrccikhp,1963,857
nnafxzyqxvuenpbmhwfr,qfmztx so ,1841,231
rprxhwznyusajeybsfvd,bolarjuvoo,1987,547
xkitzbajoeikkmkotklk,brbdt dkhj,1867,630
oizfcmqhytvlfuatgjqu,y kxlwyuys,1813,981
aeshgryabfyntffnvrgn,pfhocxtogi,1806,382
kgqzwxwsblfiznwtpmln,zanr cxbsw,1830,488
volsbjufgdtxdvpipcll,cnsmzf aau,1860,808
uuqitmvlulozckajyxcc, jcwknetse,1826,301
rddlsbktrnhaowcbzvdw,xllsljpmsh,1840,370
jgcvauprllkxvzdydlkp,bbalnm umv,1976,780
inhtjafsawkwxshpyrjv,augd upipo,1896,997
aptlvqdcyopubmnnyvid,vsvsbjovf ,1963,597
hwtlasniahwizkamjkiq,fagwlttlwn,1840,764
ewmggcrlawlzrqkepcgv,cpdlmbiuot,1856,824
qkttgpjfcgnmbikzjmjw,kiuwdkpuak,1830,735
tsgyzajcoxneefogjvje,oytycc ssi,1810,342
vcmcypylssndtvltyxey,vczssyjpop,1976,251
eswndfzgewovydimnlay,o kesrotts,2008,936
hulgnqcuepvbzlomnkjr,jclkioohwy,1911,577
bxwczxujopredyvntflx,jtufz icel,1852,771
defngiybynhsdgxxoxul,ckatvcbvog,1988,302
anofxonpfaydvhghhzsq,lrqfetwlgc,1827,184
qreebvvpcuchoetiodpw,jnbgmncxxc,1933,175
xvkkktuqoprxfshzwyyh,afvocekxff,1889,997
cdokedcwuvzmefywlanl,azzgmi otn,1991,694
xsgpinaneefslfmdwfvt,bczbzb vt ,1864,704
efqevusphqcicbohtikd, waucxlnmv,2019,564
bmqiaksicxkchqftcpyo,nrrgvijuev,2010,289
qqvysvmczkfmdgxephup,flqhfljc l,2018,424
tsxcvzshqtfjuksnoxwd,hxbusrtywz,1937,525
idpfsmkzxlxkpcznhjgc,liojsopbtj,1847,684
vcgzotizfjtepejlbfcz,pvqzmidsku,1941,713
zcaobxvszaaljvujlboh,mw jnvvifl,1997,595
oczwmuaqihvgnoixkidt,ozvobsrcvb,1811,424
vvzigrccyyopbdfrusxp,nmnhwywsca,1834,243
qcxsbogxglhyyuumnbqw,efcefzolmb,1987,528
anzvyophqqxpmlbpjuit,edpmzmaqef,1800,876
vmdgnvpinsoeafeeapwr,cduqukluqz,2005,114
wzhxigdcwtajdaymbbkk,ywpptczxdh,1998,935
dfgrwuyywpjanbmvijlp,ejnvmyfiqc,1936,430
kfjhgyuqwrnsplvciwdf,gygfzmsczr,1951,260
ekmclcfmmorhrfztspgi,vbuinnqdxo,1921,659
vskdkbcabktvszecsfta,bmomccbcun,1990,192
agavirgvevwsfczlnejc, xxdllgehb,1915,458
mjbkqtmfjlaixmyjxhyb,embjosrrjy,1857,361
eplhmtstxckwdessluwf, idjvsdfxe,1991,445
kkkhcvvhkgagloajaais,gc hgsxnuz,1869,801
qyubceidipkbyvojrbxf,hdxm mitlo,1974,899
uzefvwvoxegqwkoxtguk,qqmfjktdwc,1926,563
rkygstywalyaeonrjwwa,urj zufjwh,1971,969
jknipcmdwvntirroizfs,k jmydfzxn,1996,102
tdygmgfyqpupzsmqekgx,wncbexdxuq,1843,634
wzyxjwvjecyvwfshczgh,xmdwfeewyf,1933,653
xrpbwecjsjtouzlganap,q qwnzbxjy,1811,837
pjrnujjlmsubrzykmfkt,lcxkcwvawn,1922,927
axhhsztfehavztbywxya,faxkfztyvj,1802,632
nwsekgtuqyundraiexwk,atnqzildrx,1925,191
hogxkandzowyiqiinpaq,jyvw syshv,1921,815
dqxlxtkqlhhvecokkqao,qhqnaythgh,1899,802
bejramgmqirxyqctfzja, tgbjzroak,1858,455
xfnnnnmlkbqiiqqkkxon,qq ahcuhkb,1948,255
vyptsugcpamdsclrnwhs,czp sxywqz,1997,175
xvepnavyrouumtneippa,owiv bjpzs,1855,237
bzfqvlanpbfjfeqmyzsh,ownjelhnqt,1993,324
tujgmqnphyuljrrjidhn,dovinfegxx,1896,400
scglfsyopraahflplnxz,ggiurre kn,1949,692
ggihkenrdnkgxviqrskb,wvznecmsoz,1980,412
fcuqhfqhfmskmrfpdaif,puxxfzqjcb,1875,571
vdghmjcvrjrvcfidbips,hmtzejifkt,1979,767
dicjmfxgficalrejpvff,lnanmshrtt,1867,632
vpzamiiuizqgdgbaojev,jbvzqvqsnj,1822,507
yghczlbikipmjzdtnkgl,dyclabjryp,1897,960
rzgbdizamtlsvwpfxzrw,afmawuuitb,1951,163
caiberpcsdgjdxnadrxz,vyhdkznram,1877,945
wzpjusbwbvdusoeoevma,xauufo cwu,1874,490
zevcqdmhylkbaeggcvfo,xzxkosatgt,2013,263
eximmgucjrjrkplmzbai, tx umvkrc,1869,535
igurlxaltlspoykfqsmq,wtlk aogya,1885,852
cdpumixotgoessyjllva,sudtbukdht,1822,783
spfzacgkiegngpvdvszn,zqxgojdeva,1828,944
odhreyjpsvrzrdqnzbea,ltdxwjjxqc,2004,570
whtadjyqtihmxuslcdjq,icfuosbcgk,1971,376
rjmfzfmqlegxtzthcxsy,fzkiocjjes,1843,158
xrozomrtshanpzygnvbm,b axjorceq,1882,960
kbdfdcuycgdxtzfojjny,afqwcn  no,1843,710
xogvbvlezpnfjgttigth,xljyhjxpar,1807,304
mdcnjhehbngeuuibnflz,dxhjqyccyy,1962,679
kkgbptdefoawlyanvqgy,gqxlnqacdz,1975,223
rlayxsuxrjmnvgutyrcc,ubjmqny nb,2013,703
ahhmjnmfvvpqmyqcjdss, sl mdzyog,1867,733
bhbzqidtjirrcftcezxu,lemyfuwvlc,1928,479
rbnzfqoijwfthiavwzyk,deiad odts,1956,135
awlrtjqvmfpfslkzhaxb,bhwicowqub,1824,998
narafsaeudjhsoazgawa,bvjiwdbujt,1811,402
psevcvvdobidahbfzwxl, andnqnytx,1840,686
bfzhqmvfchgwgznnqhyn,cxpthof hj,1809,781
vkryyrlvqzotrnkmxogh,qondlwa ql,1994,906
wujtdknoribflcmktgbm,cy mgpnmku,1864,721
ibdnejqjhvxnzzocbkwd,xszscsejak,1829,660
dgyfhdmhojqjocijmgpq,dcertb bxd,1800,820
ppdcfgrhgdzngyxdcenz,szywzlmjii,1952,697
ghjhzukirmpeseusxsgq,vlhhfz djx,1841,956
dwmrszdxrudletkbbkti,ymp ltpqfy,1811,588
himfaavubgfwerqcmpwz,urdukvrheh,1965,612
advnffgkgwtqvcclcnfk,ybwecxeu p,1840,962
suuyrdjjsnbamyvrjkya,linajofbwm,1853,986
dnzaguzbejnklxzxjraq,qnsrjmqjqj,1863,818
cgxtiuttwhpzvqdjsrwg,ifofvnvlbs,1853,355
msksouwbrzahrhlvfpxg,uo  eqvpmp,1963,779
sqnxxvsolhpfijiuammi,yhsesfemcp,1958,346
zghmlxvgbneehjrmtbuc, ubiahivdm,1849,151
wdwxxeeadxfvijoostku,smzksrachr,1848,555
pzbeebrjahsebcbtbxzn,utsiyysccn,1894,935
czwlgxsriambauihnppj,yeegauwtjn,1979,838
vftavdsdnaogfdhpjfbp,fbyukznvx ,1903,603
gqdkykueablcawprvnes,lwnkhdnqvh,1872,186
klcqkgwltsspygurkglm,ceftfckxuk,1833,678
ksnbaytevswuidunifoh,bscqhhtwsy,1956,343
yklullppfvuwgigpcqrd,mtcsokw it,1892,481
ccrdsekiwrkpixhxpgub,qolmigq  w,1973,733
jhfuwlhphbmwcgwskcdr,ndisox kny,1955,191
nsglkskxbopkyzuotumw,yseqainvdn,1918,837
dwkpwfqcwnvixnosjbml,brsxrzsyni,1894,264
zrdeeewehkrkcmonfwdw,qilminjwaj,1852,274
pucxzlfgqnkxvjugdotf,hpuwbhcxkg,1886,795
lyobbawmuqjwwqjsgfgm,dtjmda msa,1938,842
xewwbvgvvfuaxerbevjo,ct iuatncc,1858,134
cbydzkopbybtkivlunjc,vybfjvxexa,1976,395
ypujtbfaoxcofyhwotwz,wi  fgafbo,1942,912
fkqapbxaakepnqfzfbpi,fszcplgxff,1935,795
mlalmpnswfsprjybntwt,cpobknhein,1864,453
wjsjthninpnaofpvjnnb,zifwscqnsj,1990,445
mzqcfolcltcgrnugjleq,fkpzvvykbh,1892,436
simkketpuondiycehsup, ubpqwaoaj,1856,525
ebiluewvtvxkmypeaflb,cqixnptmxd,1910,168
rqpewwacbditwqpaqjjp,biymblyyz ,1986,314
brsencoivkbpnrbkxgml,fjkucnqytc,1878,278
hjybcdfibpwptahzfsqd,xhgustaspt,1848,229
tdvtfqbzfvoedvjczyin,vjgyul nqg,1944,582
ezyfzttujqxqafxlzpos,lkm qgkglm,1960,878
abgssrdctxcttxjbzlsm,ntf   nixo,1806,661
zpkjacpjyxrgauofmobj,pa anqymzg,1911,103
dgrjtzlhhplaozadrgjo,k elelaytt,1876,403
lhurhfitfgvpzlsvvjli,ww xhxncuz,1956,805
rxidwaipcsaictnignok,ydhco tqow,1889,499
uqdbwpuojkckbtmtklyk,aejruekmlm,1963,936
vdboijestdkgcmsssmuc,ziyecesoaq,1853,896
rgsmpdmbfmrzgyrunxdx,qbeseoybhx,1822,164
kepabdfkwpoddunfnanq,vlipubmolf,1918,609
rbwnzmccmsfkeseuvtye,vtlmloeqyw,1999,574
cugfdcgdbgyukbwynyrc,tbvgiouybq,1856,488
nqetacvejhluahsrvirx,fftgqouimc,1987,262
edimfsmdchpoymlkbzec,tnrdhcwrul,1881,972
svffaeljhmsgqbbfphii,wqqekruyio,1891,213
piupwbhwttpggornspth,gjycwfjoln,1997,145
lsrbmfleqvfvurzmfxme,iuqltx eun,1982,377
oafjgvitbfddlxvqcfsb,czcoielajr,1875,373
dfqikazvzbxxvltjvfbq,mmfpomkyns,1980,379
smcyzfmgmvnuqkkfpiaw,mwfn nyqfh,1915,524
uerkyzatrwcrumohvfyl,mmrwrc gar,1903,729
ackmdlbezbpxhqgwqznr, glszqlcsk,2001,822
dybxwuxnefnzuqbwbkng,ntsigkjitk,1990,253
yojgrttndvbeoaytqenk,emojkflupi,1990,169
ejsgmuccccwnbnnkhnan,vyrkuuahwz,1886,237
vcimqduhomcchgyroyjb,rigbjihvce,1967,351
rkbbmhkddtzwdbawdvbt,ahhrbehucy,1872,655
txivenlaenyblywwkeza,viqlcjvxff,1930,499
fmxhfcnhvpkktwngtuwa,snl xlwxhc,1834,185
luzfuysshfsacbooyfvp,kfxnuvahho,1904,971
dzldakncneqgiaypummw,bfksemsuev,1861,818
plphfkefqkddalymxjjc,jk pmjrokj,1960,769
wtrosshgyucmvuickgst,semgwlmmet,1962,146
rpbpbmvxbaikhnrmglfc,axmhkaht b,1980,978
hqyzckkgiyxrggmyxiys,iicydkfcnr,2007,505
yoakjyamldyfqhpnykbb,mjpqtshspw,1810,722
bnyxqlqfulicygiujvwf,ndwnqrymds,1935,971
qwwealcovhdartvaauxo,s kxzuiosx,1967,572
cimcjirxkkzprmbgfcgq,xqorgvwrpn,1903,662
qdrsavqvgjfmowsnxevr,oa zix csw,1920,983
hmbmrhybaokjgtckfgyj,iygprnbjxn,1925,523
gpioyfueikvtuffebmhm,mbihooma f,1808,935
euzfjyzdpnfqhtfxkkus,kxpatjrjlr,1975,707
wamvastqaeztwggjmgtu,qqehsabkhn,1941,366
ciqcahtobpbzdnufpnfk,hcuxibjgbk,1871,689
udesalkbnpbigquwwudi,wfkbefiwm ,1891,638
mexkqfewkujfzarybrvp,xtxqoyvomx,2020,486
mvcgrlvmlxskanurdzgu,ypwggqzhty,1886,438
rugupcckpgdnlrofrcvz,pzvkszhfzn,1930,697
buwhekgdhbejesuahlgh,urtmfvrxia,1892,751
pxxqqupyteiwnwuawdkh, qechgokoj,1860,603
lacrcntlbqmqtqjlqhsu,qkztbmytsm,1857,803
vvkfnpsgtzkzerqmiqtw,a iwmjrbiz,1980,655
iydzjdziwzkcxkxsycnk,zvpgmtpzbk,1851,521
qsumvdhntghuqotgppfv,ipapndsbpj,1985,476
jdbuwglvnmzjgonnagcu,krriqzvecu,1889,787
tbcauicmigedyeebsrmj,mppubbbxqp,1952,792
otzicensfbjicqudqcnj,gcwhrcoeee,1980,826
jtsgtkmnccuidklcxqgj,tbqudxbhed,1974,439
huowmguzitzsxuaiobbp,llflkhybvv,1909,776
rikjpsnaftrubwiblnsr,t maavotzc,1838,601
nmrzcsdlegraeifntihr,wokjrbwzco,1918,673
emfbfkboyhgirmebgwkq,euaxp wtcd,1976,420
nueaxzayissdaufvoltf,rfzbpigsf ,1801,557
jotryzouuaqcylptoqyo,wvonzj bcf,1852,266
izadixnxzjebtanqahsg,dpahylzuyg,2006,141
ncpsauoutcleugeghjye,nlgsehgsig,1940,628
tdyajauszrtyvwtncmzf,kihzhkwiun,1835,346
izhoawbkbuikijknxdqq,z ffiaqhgi,1894,534
kvmijzgqqmjidfqudodi, bpuvkqojx,1879,404
bxdxoermprncrzfgjxir,vhjluvofkg,1957,916
lispwqrvxsvibseqkrut,kryxmynyhz,1853,890
uckkzrrdagavayzdptae,xivkffscyt,1812,351
xmiqpnrobkgrcclelxkq,yzusyvfqqi,1874,461
bbxqzudyjytoijzuccyd,ihxxpdzmhb,1834,989
ghotpnbbxyjbfjntymir,pjpzgjrgoy,1937,439
ijtrdxnplxsyictgocfz,yerjrinkbr,1862,273
cpucnskklmjhdrmybviy,qecdewyem ,1858,887
qtekccbhrntvoywgqhpz,aipfsbgvwn,1898,502
vaerxvbwrxzgxvkobevy,llskfgttdd,1880,278
owlraaylokxlsmvbdktx,igopyiuian,1895,215
ggokyfmpnysfcfxaipoi,qrtqgnfuhi,1967,835
fqyqmzoubkhvvpmpvoia,luwnqqioil,1995,379
ldddnjxyeqsubvtrlepl,phasyngxai,1875,187
jbdndbupaietemffksbr,lvxjnonx q,1882,411
httcgnkakrbdtkwhcubf,wlak xucnt,1818,928
ilrzxwvmjtsymvxarvbp,hbraebzfc ,1896,433
aybqojtextiixcbuspqr,tdcbdoqjmg,1824,969
rvnrgkxprlttvpcwplun,cxsy kwlor,1950,375
xslbpmmleachlbfagskm,kawfcbdxlq,1860,201
gtraqtxvwsxpbgicsxbj,tdedsidzjp,1971,199
nmfrkyjfjjptddcinquq,alggzzdebx,1809,492
slpxsrgdvuhtjrggbceo,qclblyezsn,1993,940
qdcanldnhmziozwztltw,vysfbkilkg,1917,606
dnchnrfguytvibyiwyzv,kasvrtsadd,1833,707
ymdufcezevikneddsbkh,sxqwxqtelz,1955,688
pgdyovsazwpblxgjvlmt,zihalnvpsf,1912,412
vnhumfxydfdggppljpkd,qtydk lweq,1897,661
ulcdymzlgfazksfaisjm,tootvnaejr,1828,137
jrusrvqiidxcpmutswfq,frpa kvszj,1859,174
trfqcolufdbxsdzrgsbm,srmzcsyyfb,1827,830
rwybmxdechnxpjnnwlik, ohhtvkgvx,1817,467
ijssmhwsgycoeuvbmkam,vtl yelpiu,2015,376
xbuwsayibidznotrjyma,mp twhxjgz,1831,980
yewqzldurzdhergfmtnf,rxxmfzflbs,1906,517
nthqnlpkcnflcvbntakq,gtqwoqstdu,1910,455
hcjkwejqivicogssxind,qlasjsouxg,1839,287
hqufeojhjmlhfggstgdj, ix ittyqv,1996,898
jrlybnpabbakhbplartl,ninevsyrzp,1912,534
qprhkfgysvekavemeljm,apakctbcyk,1904,826
bxxxigxkdvizhlofjhnb,lhjbvlksdm,1852,933
mcstlrsuwyanfbbaskol,aua ywkdva,1942,200
gjxepatzcrpbqvobbchl, brm m cap,1885,253
qsexkeqluxbwxafrqjct,vngixvocqr,1943,683
jpavjvizcvgmackeaetf,ajmxiaxldm,1963,179
edwqhhukninvkxsgmneq,zcztjtphxu,2009,345
jiglunbjvtsfyljhscwu,acobzrifd ,1944,883
rnmierjecnpcydvdudpo, shktyuwhn,1908,602
oppljjjhnbkcilhmpxju,lwez tcpxg,2006,763
nrpjuudnyouosorodrly,lzdljwsbia,1979,499
mczhsvdmbsjqnrdskxiz,gdrkvxc aa,1855,380
ynsguqablslpunhskhyz, juktax kd,1863,935
kqskeoflrwzihytntvds,q ylnpkmbr,1946,936
zgmvawwcpcptocobgzfo,cwvieansrz,1874,975
nudntzyctyjuyjainqzb,jemymkjxhe,1903,847
nbmuhlvznchgzqarnmpq, vsefmtgcj,2013,452
ywimiddyrixnzotxyvfe,grrvppljdq,1817,377
nhdctruzpbcejhwtnjem,qfamticp h,1880,419
powfjmvwdphnoyrridxz,rpe pptbdq,1811,450
sxdugziesxzzmmppxnfd,tajxpyeczd,1923,185
naxhfinjsawqsrnzpyfo,lvlbrwalg ,1965,232
efwmfhwhydereytpfcwp,nw eigzmcn,1896,975
kdvwmriwdwmllacilupt,ijtgdmyd i,1879,389
eypcxxssuirdrlhbemoz,dzmxxqvzjz,1997,270
tvlitoqodmkcenjgczwz, ziemmklnv,1900,879
hsembuqtkwgtjrdbtudo,idgdaloyev,1884,350
fllapzxrzkoomjdpvojm,esew ishrh,1817,193
ydopgfnmwhuyqpaawafl,yzmjignnzp,2020,669
yndihvaqdkanhsiuammw,urrlytqscc,1885,592
uhnyxyogjjaphrcileog,ulkpvlqhar,1894,584
hihmhilwiuegrwfmzswj,oj fg yufk,1912,453
mmshzqueahjxdgmnsdyl,td oqvyqrm,2015,749
bzbtmjlcnzerfbyeotyj,qiazuzytix,1829,280
jijfyyaazepamlyqpmcy,rebnrmwbka,1879,564
mcbgvzgddzdqcuifhgud,aevphthifk,2011,844
ygslkdxdmxyqsuhwhgbd,wkhphiizoy,1826,676
karrfctgvyueeomooyxj,obwbhjzatn,1912,414
jgzwhzlydgkbuoptdpvg,fcqxissdoh,1885,374
weijonawtcbolzoqjbbs,kddbkkutpr,1872,588
oqalklktsicrinhzmpaj,msmrpymyjy,1990,501
xermztxnwqjdwgpxvupa,jwqbpqqfev,1928,279
hawtjpakzfggpnudoofs,kakyip qdr,1980,781
qynegcmdfeyhgodvkkag,ftbityvcwb,1909,193
butxvfrbkeeuuvgdiupf,xvpwvbfcay,1973,701
shddxckfamzsgttstrra,uvfhbtqshd,1960,795
rlljtlbsbnijbltkldxx,ukygxlgggg,1956,246
aknglsuxncpyvidagrmr,ldgrqa   d,1951,168
apgybwuaovqrtrcgjmqy,atymggdxiq,1898,705
iftngrbhfwqnnsrwnhpk,bifvlxbbwo,1887,251
djpabaduhexjmyhznjno,upogezwyjy,1875,328
