abgssrdctxcttxjbzlsm,ntf   nixo,1806,661
ackmdlbezbpxhqgwqznr, glszqlcsk,2001,822
advnffgkgwtqvcclcnfk,ybwecxeu p,1840,962
aeshgryabfyntffnvrgn,pfhocxtogi,1806,382
afbrubdlerywbbhkbprw,qowmwnihdd,1985,606
agavirgvevwsfczlnejc, xxdllgehb,1915,458
ahfzqohgyefjiigcvbbw,ulutaeoskh,1869,765
ahhmjnmfvvpqmyqcjdss, sl mdzyog,1867,733
ahooazhvvnvwzcjxlwmf,ydstiwftse,1921,201
aknglsuxncpyvidagrmr,ldgrqa   d,1951,168
anofxonpfaydvhghhzsq,lrqfetwlgc,1827,184
anpoemddzhxmmxxwxwak,tgvaujzcha,2015,837
anzvyophqqxpmlbpjuit,edpmzmaqef,1800,876
aomdhxoijhgcxcvodhkg, eushypeen,1855,150
apgybwuaovqrtrcgjmqy,atymggdxiq,1898,705
aptlvqdcyopubmnnyvid,vsvsbjovf ,1963,597
aqnqsbxxttbfghkoxqrf,ymuvfkibxr,1906,588
awlrtjqvmfpfslkzhaxb,bhwicowqub,1824,998
awptsckihmvwmmewease, dgrzhnueh,1877,555
axhhsztfehavztbywxya,faxkfztyvj,1802,632
axtrqqxqyhxgtispncnh,jdxrccikhp,1963,857
aybqojtextiixcbuspqr,tdcbdoqjmg,1824,969
bbxqzudyjytoijzuccyd,ihxxpdzmhb,1834,989
bejramgmqirxyqctfzja, tgbjzroak,1858,455
bfzhqmvfchgwgznnqhyn,cxpthof hj,1809,781
bhbzqidtjirrcftcezxu,lemyfuwvlc,1928,479
blelaoqescblashopijp,iymyhvaihn,1921,726
bmqiaksicxkchqftcpyo,nrrgvijuev,2010,289
bnyxqlqfulicygiujvwf,ndwnqrymds,1935,971
brsencoivkbpnrbkxgml,fjkucnqytc,1878,278
bugmgpyhcefeqvfepkvl,tubivgdrpk,1819,161
butxvfrbkeeuuvgdiupf,xvpwvbfcay,1973,701
buwhekgdhbejesuahlgh,urtmfvrxia,1892,751
bvsdtcmqbtiwebbpajdt,zcoebbnkik,1840,336
bxdxoermprncrzfgjxir,vhjluvofkg,1957,916
bxwczxujopredyvntflx,jtufz icel,1852,771
bxxxigxkdvizhlofjhnb,lhjbvlksdm,1852,933
bzbtmjlcnzerfbyeotyj,qiazuzytix,1829,280
bzfqvlanpbfjfeqmyzsh,ownjelhnqt,1993,324
caiberpcsdgjdxnadrxz,vyhdkznram,1877,945
cbydzkopbybtkivlunjc,vybfjvxexa,1976,395
ccrdsekiwrkpixhxpgub,qolmigq  w,1973,733
cdokedcwuvzmefywlanl,azzgmi otn,1991,694
cdpumixotgoessyjllva,sudtbukdht,1822,783
cdxgzbcbmmkzrrnuklzj,uuvfqinghg,1961,978
cgxtiuttwhpzvqdjsrwg,ifofvnvlbs,1853,355
cimcjirxkkzprmbgfcgq,xqorgvwrpn,1903,662
ciqcahtobpbzdnufpnfk,hcuxibjgbk,1871,689
cojnsvmznkulmjvtgwpj,hzlzucaujf,1980,120
cojxmcwqqfcawbcjyxsc,cyyadpnbhu,1924,564
cpucnskklmjhdrmybviy,qecdewyem ,1858,887
cugfdcgdbgyukbwynyrc,tbvgiouybq,1856,488
cvwkhbvmqyguphrupcjj,bclsledwkf,1942,210
cxklcdpjghrskmnmyfus,bjb cbjldc,1980,267
czwlgxsriambauihnppj,yeegauwtjn,1979,838
dbsjjijzvjrgdwookasd,dlmvdj tzs,1971,903
dclgxwhbjfgsulwcgkro,vefuwgkqta,1957,672
defngiybynhsdgxxoxul,ckatvcbvog,1988,302
dfgrwuyywpjanbmvijlp,ejnvmyfiqc,1936,430
dfqikazvzbxxvltjvfbq,mmfpomkyns,1980,379
dgawvaqpegxxfgzowcyh,oeauolbpiy,1817,494
dgrjtzlhhplaozadrgjo,k elelaytt,1876,403
dgyfhdmhojqjocijmgpq,dcertb bxd,1800,820
dicjmfxgficalrejpvff,lnanmshrtt,1867,632
djpabaduhexjmyhznjno,upogezwyjy,1875,328
djvgkuntrrptgttxuizc,dhztvavbcz,1957,867
dnchnrfguytvibyiwyzv,kasvrtsadd,1833,707
dnzaguzbejnklxzxjraq,qnsrjmqjqj,1863,818
dqxlxtkqlhhvecokkqao,qhqnaythgh,1899,802
dtalglmcichinvgsuyid,qgew cyqvo,1839,421
dudimobcabivpuebcngd,uphbpgemyo,1871,809
dvwhrewcgtqagbykaqon,cslnbjrlgz,1890,569
dvxngyqhqomjglntydrn,cgqvolhegz,1899,137
dwkpwfqcwnvixnosjbml,brsxrzsyni,1894,264
dwmrszdxrudletkbbkti,ymp ltpqfy,1811,588
dybxwuxnefnzuqbwbkng,ntsigkjitk,1990,253
dyttazomrauwrpohfiys,hifmuxnwpl,1963,927
dzldakncneqgiaypummw,bfksemsuev,1861,818
ebiluewvtvxkmypeaflb,cqixnptmxd,1910,168
edimfsmdchpoymlkbzec,tnrdhcwrul,1881,972
edwqhhukninvkxsgmneq,zcztjtphxu,2009,345
efqevusphqcicbohtikd, waucxlnmv,2019,564
efrpnnzoasdsxlysuqyk,eltwnipxag,1969,125
efwmfhwhydereytpfcwp,nw eigzmcn,1896,975
ehsqboyydtzoooujhgle,dpgdvcdpym,1809,274
eiilrrjqmtzunghwhmsk,oiuslhaawm,1862,470
ejsgmuccccwnbnnkhnan,vyrkuuahwz,1886,237
ekmclcfmmorhrfztspgi,vbuinnqdxo,1921,659
emfbfkboyhgirmebgwkq,euaxp wtcd,1976,420
eplhmtstxckwdessluwf, idjvsdfxe,1991,445
eswndfzgewovydimnlay,o kesrotts,2008,936
euzfjyzdpnfqhtfxkkus,kxpatjrjlr,1975,707
ewmggcrlawlzrqkepcgv,cpdlmbiuot,1856,824
eximmgucjrjrkplmzbai, tx umvkrc,1869,535
eypcxxssuirdrlhbemoz,dzmxxqvzjz,1997,270
ezyfzttujqxqafxlzpos,lkm qgkglm,1960,878
facplcpkveooxcdiowlj,bhvyy ye w,1956,963
fafknfpdntbrntlnunwa,rbhcgfx pb,1978,516
fcuqhfqhfmskmrfpdaif,puxxfzqjcb,1875,571
figtfvdmpfuoirknrcgy,pwukctgiyx,1979,631
fjkzwmfznrpwfninxjjm,ruxb acnhb,1899,545
fjrlwxiardoyoxkukvpd,cavzvdpkfd,1852,139
fkqapbxaakepnqfzfbpi,fszcplgxff,1935,795
fllapzxrzkoomjdpvojm,esew ishrh,1817,193
fmxhfcnhvpkktwngtuwa,snl xlwxhc,1834,185
fqocrhzyoitxynpuhmyv,ihivqmhuic,1992,648
fqyqmzoubkhvvpmpvoia,luwnqqioil,1995,379
fyvzxsxlmmnncofmjlch,pvwxcxrxeb,1816,997
gdrguueetdevjtdiqkzu,zbdvuwmvnu,1882,821
ggihkenrdnkgxviqrskb,wvznecmsoz,1980,412
ggokyfmpnysfcfxaipoi,qrtqgnfuhi,1967,835
ghigjcasxtnogrbxocbm,qliyzvqmsx,1934,242
ghjhzukirmpeseusxsgq,vlhhfz djx,1841,956
ghotpnbbxyjbfjntymir,pjpzgjrgoy,1937,439
gjxepatzcrpbqvobbchl, brm m cap,1885,253
gkfckgypylryalsydwvf,rkorbjxuyj,1924,726
gnwizvegosnjwqogdcgb,ucqreenris,1947,666
gpioyfueikvtuffebmhm,mbihooma f,1808,935
gqdkykueablcawprvnes,lwnkhdnqvh,1872,186
gqdxkfsyhduauhpjyjuz,rjekvewxiy,1903,698
grfeokrnlyiyzxyihanc,iytrvmajok,1954,724
gteiwaxxrxctthkgvtpk,rfyw htfwa,1964,377
gtraqtxvwsxpbgicsxbj,tdedsidzjp,1971,199
gusjutzhjkqfbbhthrjq,lvcnjwynoj,1893,951
hahqselpjmhtvndgjufk,f azwueczw,2005,730
hawtjpakzfggpnudoofs,kakyip qdr,1980,781
hbvxulnotohtihkllgqp,bxgvqasbhb,2013,770
hcjkwejqivicogssxind,qlasjsouxg,1839,287
hdcxfawwlyecxqvdbwyf,hcapfakjai,1907,871
hihmhilwiuegrwfmzswj,oj fg yufk,1912,453
himfaavubgfwerqcmpwz,urdukvrheh,1965,612
hjybcdfibpwptahzfsqd,xhgustaspt,1848,229
hlgaoyjoqlkrwwdvhqbp,tephbgywzt,1887,828
hmbmrhybaokjgtckfgyj,iygprnbjxn,1925,523
hmtztdrfxcfbdjtolllm,wtpqwtlzql,1915,173
hogxkandzowyiqiinpaq,jyvw syshv,1921,815
horbjuvfdjnovbzjzxgb,gpfqpejwkn,1845,796
hqufeojhjmlhfggstgdj, ix ittyqv,1996,898
hqyzckkgiyxrggmyxiys,iicydkfcnr,2007,505
hsembuqtkwgtjrdbtudo,idgdaloyev,1884,350
httcgnkakrbdtkwhcubf,wlak xucnt,1818,928
hulgnqcuepvbzlomnkjr,jclkioohwy,1911,577
huowmguzitzsxuaiobbp,llflkhybvv,1909,776
hvhxwzfxxxdfuermxzud,irlyhyhnya,1871,872
hwtlasniahwizkamjkiq,fagwlttlwn,1840,764
hztjunonkggiwczskrfi,ogfnfotyeu,1878,580
ibdnejqjhvxnzzocbkwd,xszscsejak,1829,660
idminstzhrhcvlktdcdf,laeqouii w,2014,657
idpfsmkzxlxkpcznhjgc,liojsopbtj,1847,684
idtqtlnbdjuvkvfzbmjf,ftrcmmpogc,1875,880
iftngrbhfwqnnsrwnhpk,bifvlxbbwo,1887,251
igerpbbrpzikccaqtspz,eujbmkwwpl,1934,673
igurlxaltlspoykfqsmq,wtlk aogya,1885,852
iidexmpvzemlrpjmprvf,uxgvxifpkh,1889,441
iiqttqbmeqxkdvhsvyng,bnqozsszbr,2008,332
iixriockhzvgmnpgzvud,fwstkibgjw,1938,655
ijdjofdlgiaejiqjzxrr,sssqdanspb,2002,733
ijssmhwsgycoeuvbmkam,vtl yelpiu,2015,376
ijtrdxnplxsyictgocfz,yerjrinkbr,1862,273
ilfkhqmuwkkdzqyufvsn,zfxcufibns,1882,503
ilphxwsksgzbrwfskoqj,fsugg wl u,1954,511
ilrzxwvmjtsymvxarvbp,hbraebzfc ,1896,433
inhtjafsawkwxshpyrjv,augd upipo,1896,997
inmhhmffzgrzjbwiiorc,aivujke e ,1828,552
iqgbkxjgkvazchxbgiog,nezgjfetwg,1873,831
iujylblxjohgqqumktjz,gzenbbiauh,1839,818
iweccsszscdcxerryeud, ghqelqpnk,1966,233
iydzjdziwzkcxkxsycnk,zvpgmtpzbk,1851,521
izadixnxzjebtanqahsg,dpahylzuyg,2006,141
izhoawbkbuikijknxdqq,z ffiaqhgi,1894,534
jagwpftzsbxjncobmygu,uhlhyujrvl,1873,114
jbdndbupaietemffksbr,lvxjnonx q,1882,411
jdbuwglvnmzjgonnagcu,krriqzvecu,1889,787
jfjmwjugumqtcwsuubcn,vb hznjmsd,1826,636
jgcvauprllkxvzdydlkp,bbalnm umv,1976,780
jgzwhzlydgkbuoptdpvg,fcqxissdoh,1885,374
jhfuwlhphbmwcgwskcdr,ndisox kny,1955,191
jibxqbbvnbwqijvjwvjw,efjaecrdhm,1847,425
jiglunbjvtsfyljhscwu,acobzrifd ,1944,883
jijfyyaazepamlyqpmcy,rebnrmwbka,1879,564
jjveepieuhnadoeovasb,j irxt uyv,1907,664
jkcnxsftbljllcecagld, nepvednff,1857,351
jknipcmdwvntirroizfs,k jmydfzxn,1996,102
jnshbuqerrtnxseczpzu,fszdbmtgja,1861,530
jotryzouuaqcylptoqyo,wvonzj bcf,1852,266
jpavjvizcvgmackeaetf,ajmxiaxldm,1963,179
jpejzkcivzfdsgkxvgbn,gsfuwemftk,2015,737
jqrghsnonczkyutshyqa,piskmbu xt,1989,654
jrlybnpabbakhbplartl,ninevsyrzp,1912,534
jrusrvqiidxcpmutswfq,frpa kvszj,1859,174
jtsgtkmnccuidklcxqgj,tbqudxbhed,1974,439
jufqhrmkntlfaicodqet,yfcvkrptho,1988,146
jxzvhrjsbvoynwsvbzkw,tokceveuie,1901,391
jycrtvjwxxjevidofxuq,aoqddjxoob,1960,524
karrfctgvyueeomooyxj,obwbhjzatn,1912,414
kbdfdcuycgdxtzfojjny,afqwcn  no,1843,710
kbswcfodojjfhaaetnjk,njsmmrkslk,1933,425
kcqsnyfpzxjuziwofuoc,cmtyzbhmfx,1993,715
kdtmbxxjffspnrsnmmts,egnqjjnvnh,1924,263
kdvwmriwdwmllacilupt,ijtgdmyd i,1879,389
kepabdfkwpoddunfnanq,vlipubmolf,1918,609
kfjhgyuqwrnsplvciwdf,gygfzmsczr,1951,260
kgqzwxwsblfiznwtpmln,zanr cxbsw,1830,488
khekaiyandfkmaszxdvl, ydjmstueg,1882,599
kkgbptdefoawlyanvqgy,gqxlnqacdz,1975,223
kkkhcvvhkgagloajaais,gc hgsxnuz,1869,801
klcqkgwltsspygurkglm,ceftfckxuk,1833,678
kqskeoflrwzihytntvds,q ylnpkmbr,1946,936
krlhagujuqglyvuqiheu,euyyenlark,1901,846
ksnbaytevswuidunifoh,bscqhhtwsy,1956,343
kswlxuhwydllybrnqsnm,xpcarmodpg,1840,711
kvmijzgqqmjidfqudodi, bpuvkqojx,1879,404
kwjgesqdrvcbqozetkrq,symkkvcpwu,1960,171
kzhyreoaozrcnlhgxwcd,lrxkpikiki,1802,403
lacrcntlbqmqtqjlqhsu,qkztbmytsm,1857,803
lbcvgzbeckgolrihboth,usnlbtscjt,1898,145
ldddnjxyeqsubvtrlepl,phasyngxai,1875,187
lfqwrgiuakyginfmapuk,xznicymjyi,1998,565
lglfoxzbfvbkeuqnmkhl,jukqrhrtej,1912,842
lgtygxuonweokahwnyxs,jzkcrvpvss,1847,272
lhurhfitfgvpzlsvvjli,ww xhxncuz,1956,805
lifzaymxbtvvhesevrum,ikycicaztc,1974,391
lispwqrvxsvibseqkrut,kryxmynyhz,1853,890
llvnrvdpuxbvsrbifqrl, pzdhjvanc,1976,147
lsrbmfleqvfvurzmfxme,iuqltx eun,1982,377
ltehhpjwfdilgmnskvzv,aycovhtcgq,1972,369
ltnwwpkocajsenyyeveg,irwzuapuo ,1852,922
luzfuysshfsacbooyfvp,kfxnuvahho,1904,971
lvhkmswkkncmuemjndvv,lpzbi pwgt,1800,317
lxmvbaftaxomrbydpocg,egjrgkztys,1977,801
lyobbawmuqjwwqjsgfgm,dtjmda msa,1938,842
lzywswovsvsxcokxvfls, cxtzezmzz,1811,947
mcbgvzgddzdqcuifhgud,aevphthifk,2011,844
mcstlrsuwyanfbbaskol,aua ywkdva,1942,200
mczhsvdmbsjqnrdskxiz,gdrkvxc aa,1855,380
mdcnjhehbngeuuibnflz,dxhjqyccyy,1962,679
mexkqfewkujfzarybrvp,xtxqoyvomx,2020,486
mgxyubmtwrgqfiwuosoi,kdzducuagl,1821,612
mjbkqtmfjlaixmyjxhyb,embjosrrjy,1857,361
mlalmpnswfsprjybntwt,cpobknhein,1864,453
mmgwrkkrfhsgobrpmzrc,hmwaadxezp,1942,757
mmshzqueahjxdgmnsdyl,td oqvyqrm,2015,749
moltrrmuwscdwtqmnpdh,phmgshwhpj,1831,839
mpcesjljuhifihopjxdm,xnzydwgyvc,1971,347
msksouwbrzahrhlvfpxg,uo  eqvpmp,1963,779
mszmssfklnnpagxbqxpq,knlmttylcw,2015,228
mvcgrlvmlxskanurdzgu,ypwggqzhty,1886,438
mzbryfgeysfqlpeucjsy,qellgmfvkr,1954,878
mznmzbeiddquapoptocm,lrdpkd fyu,1993,588
mzqcfolcltcgrnugjleq,fkpzvvykbh,1892,436
naprearkmvqfvkydrlbr,fxtintn yh,2006,753
narafsaeudjhsoazgawa,bvjiwdbujt,1811,402
naxhfinjsawqsrnzpyfo,lvlbrwalg ,1965,232
nbdzpibagcqofhokfdrf,acgsesiwim,1813,868
nbmuhlvznchgzqarnmpq, vsefmtgcj,2013,452
ncpsauoutcleugeghjye,nlgsehgsig,1940,628
nemveafgsxmeiertiphe,omdwplvknj,1967,749
nhdctruzpbcejhwtnjem,qfamticp h,1880,419
nmfrkyjfjjptddcinquq,alggzzdebx,1809,492
nmrzcsdlegraeifntihr,wokjrbwzco,1918,673
nnafxzyqxvuenpbmhwfr,qfmztx so ,1841,231
nqetacvejhluahsrvirx,fftgqouimc,1987,262
nrpjuudnyouosorodrly,lzdljwsbia,1979,499
nsglkskxbopkyzuotumw,yseqainvdn,1918,837
nthqnlpkcnflcvbntakq,gtqwoqstdu,1910,455
ntwnhqzhnwldlmbmbcje, enztklglw,1990,382
nudntzyctyjuyjainqzb,jemymkjxhe,1903,847
nueaxzayissdaufvoltf,rfzbpigsf ,1801,557
nvuygiomwaysvsuglspn,pywpuwxuqd,1999,855
nvycftsvbjpvclsshket,eyvkaj kjm,1852,693
nwsekgtuqyundraiexwk,atnqzildrx,1925,191
nyxlzpvokfzhjcybtsdv,gzobrpegqh,1800,239
oafjgvitbfddlxvqcfsb,czcoielajr,1875,373
oczwmuaqihvgnoixkidt,ozvobsrcvb,1811,424
odhreyjpsvrzrdqnzbea,ltdxwjjxqc,2004,570
oiyrdugukypawxrqzykr,gbqaqxiwkl,1924,742
oizfcmqhytvlfuatgjqu,y kxlwyuys,1813,981
okhjohifrfrgktyvjkle,ksilmogqcf,1913,972
oldishnypgxnqhcjsssf,gjujroktzu,1970,718
onjcixitdcvuapmqpzli, kpxbouqvk,1953,664
oppljjjhnbkcilhmpxju,lwez tcpxg,2006,763
oqalklktsicrinhzmpaj,msmrpymyjy,1990,501
oqeynqunpuwxnhflbhlb,nwmgryxvad,1901,444
otzicensfbjicqudqcnj,gcwhrcoeee,1980,826
owlraaylokxlsmvbdktx,igopyiuian,1895,215
oyuzmxvhrjehfsuggatn,tsdprzrgbi,1871,676
oyxjjrderszvwcfyxnjw,zlwutnromw,1848,538
ozadtaejferesbjmwrfh,pqkeklxqdn,1901,157
pcxivfjvrvusfskvazgt,vkjszzhkzr,1900,942
pgdyovsazwpblxgjvlmt,zihalnvpsf,1912,412
phqpjcmaqdhphxycelqc,ieusogllmx,1990,462
piupwbhwttpggornspth,gjycwfjoln,1997,145
pjrnujjlmsubrzykmfkt,lcxkcwvawn,1922,927
plphfkefqkddalymxjjc,jk pmjrokj,1960,769
powfjmvwdphnoyrridxz,rpe pptbdq,1811,450
ppdcfgrhgdzngyxdcenz,szywzlmjii,1952,697
pqdtwikidilosdczzwff,phoy rfjsn,1960,838
prbtipsexelbvhbkjcyr,vwenkxdmrr,1967,432
psevcvvdobidahbfzwxl, andnqnytx,1840,686
pucxzlfgqnkxvjugdotf,hpuwbhcxkg,1886,795
pvdpiftkpjyrbbqnhjqh,rihbtltlmi,2007,126
pxxqqupyteiwnwuawdkh, qechgokoj,1860,603
pyluhpumedrrxiwxogvl,o  zhhikiv,1913,144
pzbeebrjahsebcbtbxzn,utsiyysccn,1894,935
qcxsbogxglhyyuumnbqw,efcefzolmb,1987,528
qdcanldnhmziozwztltw,vysfbkilkg,1917,606
qdrsavqvgjfmowsnxevr,oa zix csw,1920,983
qdubufewwndxhotjague,hmonoxp  h,1869,609
qdvxjrsqhasnvcbmpvmv,ireusoptel,1832,657
qkttgpjfcgnmbikzjmjw,kiuwdkpuak,1830,735
qprhkfgysvekavemeljm,apakctbcyk,1904,826
qqvysvmczkfmdgxephup,flqhfljc l,2018,424
qreebvvpcuchoetiodpw,jnbgmncxxc,1933,175
qrpnuiscjijzgalteijw,qgxzcytttv,1927,812
qsexkeqluxbwxafrqjct,vngixvocqr,1943,683
qsumvdhntghuqotgppfv,ipapndsbpj,1985,476
qtekccbhrntvoywgqhpz,aipfsbgvwn,1898,502
qtnzesjrnmpsgzctzxnb,dxbbitmmjo,2017,356
qwwealcovhdartvaauxo,s kxzuiosx,1967,572
qxxhpugggqreenqcomgs,y bjiphfqi,1980,900
qynegcmdfeyhgodvkkag,ftbityvcwb,1909,193
qyubceidipkbyvojrbxf,hdxm mitlo,1974,899
qzxsczgsilbfecuqiyqy,ywz kjwgql,1865,535
rbnzfqoijwfthiavwzyk,deiad odts,1956,135
rbwnzmccmsfkeseuvtye,vtlmloeqyw,1999,574
rddlsbktrnhaowcbzvdw,xllsljpmsh,1840,370
rdjlnzufqkjzzkwaxrbg,ljievjmghr,1870,756
rgsmpdmbfmrzgyrunxdx,qbeseoybhx,1822,164
rikjpsnaftrubwiblnsr,t maavotzc,1838,601
rixgelmmxyxcdqvbglne,pmbckssavy,1926,418
rjmfzfmqlegxtzthcxsy,fzkiocjjes,1843,158
rkbbmhkddtzwdbawdvbt,ahhrbehucy,1872,655
rkygstywalyaeonrjwwa,urj zufjwh,1971,969
rlayxsuxrjmnvgutyrcc,ubjmqny nb,2013,703
rljffavselkhimymqyur, aiagohd r,1912,282
rlljtlbsbnijbltkldxx,ukygxlgggg,1956,246
rnmierjecnpcydvdudpo, shktyuwhn,1908,602
rpbpbmvxbaikhnrmglfc,axmhkaht b,1980,978
rprxhwznyusajeybsfvd,bolarjuvoo,1987,547
rpwufelomgmwaatccpbp,odhlfavbsi,1921,656
rqpenfpfleykhtfqrjhc,jizzh zdhr,1858,122
rqpewwacbditwqpaqjjp,biymblyyz ,1986,314
rtkrjptzczhzikynrmet,oyhxypbzsp,1817,135
rugupcckpgdnlrofrcvz,pzvkszhfzn,1930,697
rvnrgkxprlttvpcwplun,cxsy kwlor,1950,375
rwybmxdechnxpjnnwlik, ohhtvkgvx,1817,467
rxidwaipcsaictnignok,ydhco tqow,1889,499
rzgbdizamtlsvwpfxzrw,afmawuuitb,1951,163
scglfsyopraahflplnxz,ggiurre kn,1949,692
sdtvrudoisksqwujslth,myr spjvcj,1945,725
shddxckfamzsgttstrra,uvfhbtqshd,1960,795
simkketpuondiycehsup, ubpqwaoaj,1856,525
slpxsrgdvuhtjrggbceo,qclblyezsn,1993,940
smcyzfmgmvnuqkkfpiaw,mwfn nyqfh,1915,524
spfzacgkiegngpvdvszn,zqxgojdeva,1828,944
sqnxxvsolhpfijiuammi,yhsesfemcp,1958,346
sqsxqxbgenfhswzdhtyo,ubavwpofrk,1880,135
ssuxtzmiocmhiupcpgjt,hufzasbmfu,1975,414
stpwezoadgwryuncacmn,oafvgsoumc,1933,291
suuyrdjjsnbamyvrjkya,linajofbwm,1853,986
svffaeljhmsgqbbfphii,wqqekruyio,1891,213
sxdugziesxzzmmppxnfd,tajxpyeczd,1923,185
tbcauicmigedyeebsrmj,mppubbbxqp,1952,792
tcoxfyssopvzbfytmdwj,nnbtnagweu,1854,334
tdvtfqbzfvoedvjczyin,vjgyul nqg,1944,582
tdyajauszrtyvwtncmzf,kihzhkwiun,1835,346
tdygmgfyqpupzsmqekgx,wncbexdxuq,1843,634
teikvnirdnuyibaobwid,wbpcayocpd,1808,496
tgbbbiucoknbelsastcm,cqrnl hq r,1985,913
tggxqpqkatsfdhjjmyxb,rkojqlxif ,2004,890
thcxreiqsshimhaadkut,srvfvbtqdy,1909,644
tkhatxzxinpafwfubpjh,zeowhci jl,1872,866
tmfytkgfwkvhoaiptgmz,mabprupfjr,1838,994
tmppdfgvigjuivwtpviq, losedtuob,1921,915
tomsspekhcesrxsizilu,fjqp b kmk,1937,984
tpqbjcguyobvkemorfgp,zpjsjlehjj,1807,781
trfqcolufdbxsdzrgsbm,srmzcsyyfb,1827,830
tsgyzajcoxneefogjvje,oytycc ssi,1810,342
tsxcvzshqtfjuksnoxwd,hxbusrtywz,1937,525
tujgmqnphyuljrrjidhn,dovinfegxx,1896,400
tvlitoqodmkcenjgczwz, ziemmklnv,1900,879
txivenlaenyblywwkeza,viqlcjvxff,1930,499
txksyswbryevqkavjfam,soixtxmgfr,1828,175
uaghpsnwevdkbvmchrsq,mxhsmuczjb,1973,487
uaqpkvhiyzlzaxzvtcvl,vtbrjhyymg,1807,947
uckkzrrdagavayzdptae,xivkffscyt,1812,351
udesalkbnpbigquwwudi,wfkbefiwm ,1891,638
ueeqofvocivzbxubqpua, wtaojfppv,1943,876
uerkyzatrwcrumohvfyl,mmrwrc gar,1903,729
uhnyxyogjjaphrcileog,ulkpvlqhar,1894,584
uipqeklruztpuyqtznsx,tdpmiqkgom,1821,798
uirrfawgsjppbobevfkb,fmsrlnwneu,1809,402
ujgjwnuxbxrmxcrixhvm,pw lvhgdux,2006,713
ulcdymzlgfazksfaisjm,tootvnaejr,1828,137
uoszpkgpzgdccylhvigf,dihpgyectg,1873,678
uqdbwpuojkckbtmtklyk,aejruekmlm,1963,936
urubhoobxhlvhlndtqry,vbcdxvslee,1959,594
uuqitmvlulozckajyxcc, jcwknetse,1826,301
uvoiitbtirchehrpmuep,cizdvcsglz,1928,993
uzefvwvoxegqwkoxtguk,qqmfjktdwc,1926,563
vaerxvbwrxzgxvkobevy,llskfgttdd,1880,278
vbbqvayriyqofdypmucs,hzo nncxro,1986,196
vcgzotizfjtepejlbfcz,pvqzmidsku,1941,713
vcimqduhomcchgyroyjb,rigbjihvce,1967,351
vcmcypylssndtvltyxey,vczssyjpop,1976,251
vdboijestdkgcmsssmuc,ziyecesoaq,1853,896
vdghmjcvrjrvcfidbips,hmtzejifkt,1979,767
vdzsnnuihhclthbqcqgi,ugrjgnvvnk,1876,722
vftavdsdnaogfdhpjfbp,fbyukznvx ,1903,603
vhwfonysnwcxipjfkuvp,jipazofrpc,1962,174
vkryyrlvqzotrnkmxogh,qondlwa ql,1994,906
vmdgnvpinsoeafeeapwr,cduqukluqz,2005,114
vnhumfxydfdggppljpkd,qtydk lweq,1897,661
volsbjufgdtxdvpipcll,cnsmzf aau,1860,808
vpzamiiuizqgdgbaojev,jbvzqvqsnj,1822,507
vqctaxdkdbggsksqwstr,qxbgbcrcsr,1977,893
vrznbxihbgnymwylttjp, uivproozu,1803,467
vskdkbcabktvszecsfta,bmomccbcun,1990,192
vumpxctrvmxeycxzqgwi,njalicvbez,1923,235
vvkfnpsgtzkzerqmiqtw,a iwmjrbiz,1980,655
vvzigrccyyopbdfrusxp,nmnhwywsca,1834,243
vwtkzdtnzmevagtrwqxz,yzsvetalcj,1930,477
vyptsugcpamdsclrnwhs,czp sxywqz,1997,175
wamvastqaeztwggjmgtu,qqehsabkhn,1941,366
wdrktjcmpssvwtvkyamh,qkooxsbuaf,1858,757
wdwxxeeadxfvijoostku,smzksrachr,1848,555
weijonawtcbolzoqjbbs,kddbkkutpr,1872,588
whtadjyqtihmxuslcdjq,icfuosbcgk,1971,376
wjsjthninpnaofpvjnnb,zifwscqnsj,1990,445
wlqbmvlgdobwpeyrimwo,huqcwre sv,1985,893
wsfovsiipyyeurvbhpdw,yswgqhtiod,1874,659
wtcdrswoxrgyqlzzpzml,utprwuoqdo,1966,255
wtrosshgyucmvuickgst,semgwlmmet,1962,146
wujtdknoribflcmktgbm,cy mgpnmku,1864,721
wysciphuoafdeiibotss,bgwlxjnbal,1871,785
wzbsdwmadznqbdvmwcrz,wqypakkdzq,1813,985
wzhxigdcwtajdaymbbkk,ywpptczxdh,1998,935
wzpjusbwbvdusoeoevma,xauufo cwu,1874,490
wzyxjwvjecyvwfshczgh,xmdwfeewyf,1933,653
xbuwsayibidznotrjyma,mp twhxjgz,1831,980
xdvhjiomlgdfclclupks,kqqspixglz,1970,141
xermztxnwqjdwgpxvupa,jwqbpqqfev,1928,279
xewwbvgvvfuaxerbevjo,ct iuatncc,1858,134
xfnnnnmlkbqiiqqkkxon,qq ahcuhkb,1948,255
xgfhgccrlcfndcbgrdps,zhuogorzrc,1983,600
xizflejlzvdndzlgjnti,khzfjgtnhl,1881,963
xkbmcldqvqojjygxxrva,ceghowknzs,1838,105
xkitzbajoeikkmkotklk,brbdt dkhj,1867,630
xlelubmjeucfwfhmtipo,gjs wjbphp,1946,346
xmhmvdprnkvamtfycvky,lxtzbjpipn,1996,549
xmiqpnrobkgrcclelxkq,yzusyvfqqi,1874,461
xmqekwbvopzlwozfmbnv,naxzttoqw ,1892,560
xogvbvlezpnfjgttigth,xljyhjxpar,1807,304
xqaphzdugnbmzwpbhlif,flsrcyuuzu,1971,760
xrozomrtshanpzygnvbm,b axjorceq,1882,960
xrpbwecjsjtouzlganap,q qwnzbxjy,1811,837
xsgpinaneefslfmdwfvt,bczbzb vt ,1864,704
xslbpmmleachlbfagskm,kawfcbdxlq,1860,201
xtwqysnmnqwjzandblwe,ngjmrlwvhl,1999,292
xubwvzfxpcgtmfsymiwk,mvunwdkitf,1882,187
xvepnavyrouumtneippa,owiv bjpzs,1855,237
xvkkktuqoprxfshzwyyh,afvocekxff,1889,997
xwyhjyfnsgepdnhfyybw,bznnuqlvh ,1930,672
xziryvnlpczacltjpjdn,tdygdxsgqc,1914,920
xzpuozmyzbppkkcryddz,wrjatoczya,2009,504
yafvfsvocgqlywpgdxjf,gjgnrlnndx,1898,459
ybaaqujlsmtfvzvqmhst,vgthfbdizv,1949,636
ybdpszfmrzialoxdndzq,bzynjwystr,1896,779
ydopgfnmwhuyqpaawafl,yzmjignnzp,2020,669
yewqzldurzdhergfmtnf,rxxmfzflbs,1906,517
yexxkvwietvdrblrrqjb,j v kqxwpu,1919,448
yghczlbikipmjzdtnkgl,dyclabjryp,1897,960
ygslkdxdmxyqsuhwhgbd,wkhphiizoy,1826,676
yicofrinofetdzzdhydh,si ftiapix,1914,681
yklullppfvuwgigpcqrd,mtcsokw it,1892,481
ymdufcezevikneddsbkh,sxqwxqtelz,1955,688
yndihvaqdkanhsiuammw,urrlytqscc,1885,592
ynsguqablslpunhskhyz, juktax kd,1863,935
ynvrojxgzekazdojobyd,awxknwlfdc,1992,410
yoakjyamldyfqhpnykbb,mjpqtshspw,1810,722
yojgrttndvbeoaytqenk,emojkflupi,1990,169
ypujtbfaoxcofyhwotwz,wi  fgafbo,1942,912
ytcwydyathkhhpcokdgr,okm wulvfv,1860,983
ywimiddyrixnzotxyvfe,grrvppljdq,1817,377
yzsgmxnvcaaerysjrsxj, nrbpva hg,2012,661
zakbnbunlzblpnseargo,ry wmiiisn,1903,123
zblrejmgfmwktzfodbag,gmiiqtqigt,1891,884
zcaobxvszaaljvujlboh,mw jnvvifl,1997,595
zcyrulmskyzrcblcyirr,obnfjegssj,1941,728
zevcqdmhylkbaeggcvfo,xzxkosatgt,2013,263
zghmlxvgbneehjrmtbuc, ubiahivdm,1849,151
zgmvawwcpcptocobgzfo,cwvieansrz,1874,975
zilmpqxmoguohmphvmrh,yvknqzajme,1984,406
zilzamiqyiyaudwgiukv,hmdzdqewse,1930,786
zjusdbbhrqvfdvkmftbr,m zworlblp,1915,719
znswblmdkmblxojahehk,nwgxmbjlmw,1962,501
zpkjacpjyxrgauofmobj,pa anqymzg,1911,103
zrdeeewehkrkcmonfwdw,qilminjwaj,1852,274
zrnexegatkvdoknncsmp,porjaohnmz,1813,208
zzriybdhvrnfifnrgvio,cbeceotjbc,1910,160
