abtkoljjmiwbculnkpxu,gfkahjlxjm,1881,494
adqcuusvdnrqsnthkjmr,sctdeugnhf,1881,334
adqyxuwkctffexumeozh,ctyzxxkkhp,1908,767
aduyllquddzdkdbuaeap,ptmjhun hp,2014,592
aehgoxkavnpwhkrcemgs,gzyvkbdmcq,1974,857
aeqlghrywcwcttysifdf,itnoeukdch,2014,873
aflgwbyzbpnkkreapuxp,dvjxgylzry,1993,687
aflhdmaqzngdrlgfinna,vwrxzwncco,1926,125
aftvhklryjrfrdarbyyi,iethzbnodx,1959,486
agfitqwbpdvjurgquvsm,zfd hplzib,2000,597
agkotokjzkyiqexlsiao,jpnvbvcpcm,1887,485
agpwysebqedaevmopebw,halczdw xv,1872,311
ahvzwsqaqgvotqijkazt,ykvnlbbnnq,1886,779
aiqyeddtpscyuaaacjis,rkqytymdhd,1827,178
ajcsnsxqiwhklzksmqzs,ozi dtw qg,1972,353
aklctufblkanvkcetuqr,hip j qmjh,1849,852
alrcgzvalzaxwxqjwjwv,dymcumtjhs,1849,123
alyherylepqczjzrmkgg,kckcrfjen ,2001,844
anbdylyqxzaxnwswsmdq,tjawwwknbf,1930,780
anpoajkapjkdniohuexg,cbohqssanp,1991,471
aoqmsrfjzuwdwyhkkdxx,xhlqvpksks,1955,102
apvrllweqpaldxojsfyo,djiiofcfia,1933,148
aqduixyvxemckfqqdfsk,uacrbytaqp,2012,655
aqypfrmgkifphzalobcg,fjszegyrzj,1831,794
asvmbfosgghtkrcdbtqe,nmnodih be,1896,809
ataxjizqgsoqagjrwzce,jigsgqpagj,1886,490
auibfmzbnagqkuvbhwbp,ffojp vvqe,1813,167
aujfzoqwgbwocxhhrcjn,aampmfwfey,1975,939
avjiagvsftyyepypbqiq,pkqddwoyis,1992,167
avlxlkkthcbytwtzjppi,vycbiu opk,1883,775
avtympilkckcbtwaxoeb,obotoeorfo,1810,238
awlmkszmduwacayixqpr,ovjyzpfnen,1889,408
axxqltzdgxdzaujdqdre,xo twpezon,1813,499
aykubggpkkbfrqqpyiqq,cxupkudznv,1898,734
ayvdhmpthehqomgcreow,ljcsrytlkr,1998,748
ayzyijiebopxqanixthg,m vklzrt w,1978,764
azdapqtdtjxeqixaqmqb,plblfyffph,1894,127
baxmjnxvotgbgjvrijvx,vbetvnjoqk,1887,210
bbimkueqzmhcyvvimxyg,eedrgfdlrv,1862,525
bbjduqowwyhaoxrzmplq,nxedqro bj,1837,593
bboyslnjspypwniotnio,esqbgdcves,1911,202
bbujfpxbttaoxoqzllms,wxmffldwsq,1911,816
bdkjzhnngqlnphccvqfb,uphttpdjzc,1804,561
bepnqbxepeoerjmzguou,ndnryxgrrb,1874,865
bgrrnfelihpopbfueqgp,scoyduyzld,1966,196
bhhdrogtturuhxdwbztb,ezgjiapinh,1983,166
bhpgwdoymrpzfusrahnb,azlsu zvdi,1883,586
bhpplacsglzijwxgnnxx,zkenouhs e,1992,274
bjdqedvegnhctoondzqc,nrxvfglckr,1992,599
bjpiqzrstdzdeywaqgzv,j yqslvkik,1891,411
bmjqrpilvknimxspydaf,rqrqch buj,1839,209
bmrnuvezchacgclwymix,ngysfytan ,1846,944
bnwigswdamoxzimydgnf,gxcmglftin,1963,738
boenojvpftteaqlcfuft,suhibehfgl,1934,405
botzxkjqhwqqwqevubzi,mhuxpsfleg,1949,882
bozjhdohravkugtmzkng,fd fcxuyja,2013,445
bqckgdleqvgykxvepifj, jkexvoihw,1997,157
brcjlcuzmcgqhshishjl,xzbeyajiva,1815,579
bressrhimadjjgktjble,mxojdtfqrj,1985,869
brhnlivryxfebftflvfg,sudgdmorpl,1848,111
brivegdytcqzebrlthmu,cljadzmtwt,1966,135
brqzdxvqbfdxpqwrpjpc,dalrfujb h,1985,852
bshwkilhfbpteotvtdrt,jv ptwgi j,1884,312
btrcedvvfqbetcxgkuct,bmwwbtry d,1938,367
buhsfvldugfpzmdxitcg,tvqwjkytft,1970,227
bvixrvhdlivchufqesuz,vydzziuery,2003,320
bwckenknoirhbxrysscb,hnofojnwau,1885,745
bwmyyraktdtbmlvgbzxy,dsphvonqmd,1828,853
bwxtdquhqqwztubhdbtz,vxyvhooble,1866,225
bxewwmvltelxirwgevod,ezzppxurpe,2000,531
bxfpuvxokphehktrujvv,zmdjjaurdt,1990,329
bxggovjazflxsjphsbhu,kzcawrrulw,1989,689
bxwoyxnawqbuctdpxgwh,zh jwtyidx,1838,163
bzodoorqajyedrgodubh,rulcgguspv,1806,751
bzopebgpcejialkyzypy,wsnksbtzzr,2011,894
bzpoeofkmtqcbyfoefnw,tbmrg ldgi,1898,634
bzxptactppqymslaemav,btxdhifdls,1928,144
caswhxqjgmbovllrkvkh,yguflfoihv,1925,330
cawbmhibpmhaxhnbgioe,fqhaianlnh,1992,563
cdnhovdojfcvwridpqbs,jpkvgcoxsb,1853,506
ceceypecbxedlwjbpeyo,icdllkmacb,1882,296
cfoqvuecltpfyvktchoh,y xeiqtpbb,1843,597
cfsmmpdmgampytdeazjy,nyivvkwqgq,1943,837
cfytgirjkrmxkhrcfgwt,fg ayuqkst,2005,309
chckvfqwhwmseqjfgjha,jnxcpklqfg,1923,354
chteyhdkybdtgcoyjkuv,yfuuhjrxgg,2000,951
chwfhygjhjkekfyxovto,dsolyoqtmc,1880,167
cibcuterdpimdmeaywgb,pwgbrypnif,1946,439
cihyfacbnmdwhwoflcgh,ojqqsrjpws,1937,274
ckdwneyngpjwczbxbyxo,urtdzmjx q,1875,587
ckkhvttmdblwosdywrdu,mwwwfblnvk,1996,341
ckmahkmroxdjanlajays,fhpfedpltj,2001,606
cknaxuwesqxbqsvnshjt,ydlkefcdfo,1907,504
cnokqxfqbstwclgqiris,x qhcuiizn,2015,596
cphyoslcbmnzdxmumltw,satkttwpph,1803,842
cplvdpifgvfchhjvyznu,raaqsjvztm,1980,377
cprhujouderykohhyphr,yzqrpxwhat,1806,521
cprtueerdezmfkhgojhf,tcsrbqziqo,1987,771
cqbtzushtfmveqpkcsum,jixypcfeoo,1917,151
cqehylrxsocqhsxzdbda,lldqonakjp,2011,556
cqeiydsqkzzfxcidsyut,ysjeahrypb,1950,761
cqmjxfjemtjspulejyvm,gpfhznvnbv,1820,549
cqnntsiiaanrdladxsrp,dkdauq umg,1822,842
cqujnoiwspdfugoqgeso,kohhnbjycv,1925,731
crsokpaepkwuqccmxbam,faevkgdqjd,1857,678
csabsejdqrkrrdpefwqi,gs tbpqciy,1822,561
cskytrvspwhqtfzahdbd,h jwsenzme,1970,904
cssxldzaegrvjhrlngju,qrxpwqtk s,1819,422
ctesvbkghvaaswwvbexx, symtnvgph,1943,808
ctfopmdknttgwnbuigty,wfwpxawxfe,1985,965
ctjmyzxoflrofwafmaiq,eukklvzgze,1830,896
ctmllmmhuvywwnrcqnpv,esgxwdpyif,1802,864
ctrmdzpuqrduozveepcg,ehwjlkiegt,2019,868
ctsnjcfzbhdvicjsrfck,vyckgdv  z,2014,730
cufwmakdyfuzgmdjtzmh,satwzejbjj,1952,951
cvnoawpqpiptfqmjgmfm,rtoeirfgmx,1848,174
cxaohgzjmnockkuraukh,jvcktqlvbb,1946,506
cxkyvnwfbxikvewprfap,zeiwpjunhl,1842,747
czukbyrvqpejzwciyupa,opqeudymhb,1902,597
dbgarmlkdfpplzqtcihy,senuxtcmdu,1912,145
dcwebhzgockcuijvjjas,fp yo qqus,1960,806
ddewjbecugjgviuwkoha,tgataghfxy,1806,468
ddleweekkecxzmjucvew,gdgcyaatvw,1926,499
derkrgpwtwmgmpirveiz,zedbscncwk,1965,898
dezeuwynvaakknzpfzte,ajcngrmrmq,1995,721
dfpiqplxuifjsflbpekt,oy  gvbfgj,1946,255
dgydqiudltdynsezlkih,cfvezh pgq,1956,211
diumhramjgmshgmputlm,blxanjb fu,1902,704
dixoysgyxxykhjzaxpcb,mpxsa pvoc,2006,731
dkficxpyfxtinosntakg,yrjvktuyvu,1926,386
dlkofpglaybpnygnxlpb,pqxeslwvnk,1910,338
dmapsgfilqfthwrmkcns,wpgeizjlot,1969,176
dmpxiletfewuxfesyfva,nptiprdhol,1856,949
dndxzutvjwdyujozrokt,mmngpomnmu,1887,557
doyivmwpzudmcrxfftwi,tfldjxfddm,1941,213
dqkuwzazvmcvyndsjcsn,qrzcnabhmp,1892,601
drjhsklgfujdljwhyomu, uewkiimts,1842,765
drombtzirxvcahhghdtl,xdrnxjrhmk,1863,196
dseorxggbktmpwbaamza,xkzhjelqic,2019,156
dsewxuccnecqikybnohg,qkapfazhcc,1962,963
dvkafbkhjdmasyjyxqzg,rxgevqact ,2013,781
dvqthmgvjecwavrqravh,thznybsif ,2001,664
dwekkonygqpvtxesuvmr,rmuofwkblr,1889,490
dwojtthuubohuxtxcgzt,eznfalvztc,1999,963
dygsuucpaplotkdsfaai,qzjkgnyprd,1845,170
dzbtxyyorlhmzmjrghjk,kctcruoszr,2009,528
dzehbwgnvfuoaverqyht,tkr jaamwq,1848,627
dzohsxnzpepvfvrhdprp,vtohdnwxjb,1976,464
dzxruayzlvvfjdfwpynd, qdknjaytm,1959,422
ecbluzcpnyrioyihgdrt, rvjlwures,2012,562
ecivjnsgvdnbhrdypwpm,vcouinypdz,1902,879
ecohahzgyrwbylvcnjiw,ycfhtebisk,1808,900
efnoagunktwxgauxjolz,qnhyptmjnu,1870,887
eimkrfnuwlvdmhijnmfp,ejpaihzfg ,1820,355
ektxppvofqgompjtjvjg,ousvumpesv,2003,139
elowqipbmkublmaeizez,rhybsey fm,2009,912
elpmvugtxkztitpbtsxv,inpywubtrn,1991,845
emjynovnpyafmbpazslf,kbfqeambkx,1858,575
enihtbcvrboycueqqgas,rc wbjus e,1983,251
eokiplzvwuexmzdfybmu,rpdofttoz ,1912,947
eopxrxpbbcrzhvkmfelt,twbqmlryid,1856,385
eorryubxmdrbjpkhoxxt,xaholald w,1952,853
eppvppdwoschkkbpbssu,ufgtttyivz,1855,292
eqgmsyeqpmjwelpywkeq,uzjsfzqdbf,1935,635
eqmdtocbaqqxbmdebltr,bwejkhlkmi,1844,960
eramvilykrfatkrlpmbz,hdwzyqjims,1859,641
ergmvqujtlqvaqjgkvwe,v p eto ip,1812,885
errdcwfyyggodpjymzqe,gbh mrksek,1919,992
etmlhcjghrtpyyzixkli,mitr akxfn,1963,737
etxjusnbcoryukljskaf,qvmnlvzkih,1991,842
euihgepfzxumulxxwibr,kwciwrryfq,1869,950
evfnkspeouguvarrataf,rxsmezsz  ,1868,104
evhgbqwczacuwtimlffv,ehucthytwm,1941,448
evqqbsnetxfemrkohuex,yhggetvncj,1843,986
ewyklcjurwtdnqqgjabc,m izlhsa b,1984,977
exxaeykhgpjhlfaothkd,pxuzpzadxa,1971,698
eybkkiczsmblkczzimkq,dfhgmfebyd,2014,168
ezkytnuxovwjdgykjbkd,hljxtpjoei,1870,992
ezpemfaxkrxfjxdzezsz,gxfchrnbyx,1821,579
ezqwafffizrxscmqnxpj,txjfqluzuy,1806,346
famuqnxgrtbjykfgedns,prmktcybfs,1913,940
fawuvjiqnwnkvlztsndg,tjv ntafkm,1939,799
fcktlixktjfgpbzpqurx,asegeufjml,1892,260
fcsupmkvstzxcikrulea,zxmabavdbs,1916,920
fcwiixgwjgfqrbrkivsl,djegvhrvqk,1980,718
fdjweeoqolygjeycdsqz,twqqvsefto,1865,322
fedsccsjmknuyyqleflc,xccmelttsu,2011,287
fehgcxjjyaouxgsakczb,oszzefvbfc,1865,436
feoqafixtyfmyqpsilac,srswzpsm f,1968,748
fgripqstohgdfbawnjjj,vpjjjlkeqp,1997,124
fhievoicwivzqiougvge,wjiqobnocz,1969,875
fhwewqwtlvzhsqqvcpoa,pusopffpdk,1947,883
fiecsidnahgzrzojxotb,wqmfsokpjr,1911,907
fjbklnhlrhtpueldtbcd,hqpd yowci,2016,139
fjbrbffswpkttjfcjcnu, wjska rvp,1804,187
fjftegjflmzsshzqraul,chbbnvpxwf,1971,163
fjgsjgedaksabgkrblro,rxhccgasml,2019,571
flqgmvyliinkjhcxxjja,vgtptgueje,1838,907
fmnyjrnxdypywnusllbm,qmy rnloja,1957,895
fojfqswczqcsieuwrniw,izncrvyhot,1949,513
fooecxnmfzuiwcgjmlin,irkopjylsn,1865,529
fpqjevdfmdvtylhikdlc,ekgxq uloo,1966,284
fqkljgpqauarevtkkeuh,brzucsqkuq,1916,993
fqpfedsjagzlqdqfdyke,poanlykrwk,1913,952
frchhiqwzgkphlgshchz,subnbydpdq,1953,502
frfrccisgvequiixttoe,wxetyirrcl,1818,697
frmqyglonvmkshaemgdw,ojylyiqsjy,1854,758
frooupkmvdzifjfirktp,wikufhowte,1873,814
frtybwrwmhnolnudvrhh,ti gyvqhny,1952,354
fscuiiyelbtlyqicndrf,kvtzdvrdjh,1803,554
fsmibjrkpmcgmxqeionw,vygsbsiknc,1892,653
fswzlwcxhpsdviryobtw,ltthsizi  ,1884,654
ftkmjqdpuasnxireyomw,fwzktkolqa,2012,486
ftxbqpwkqwvxqbqsbuls,sqrzv aphd,1958,301
fubwaaeeynazmtiixaut,bzskmygbjw,1952,100
fuezyoeebyviwdizzhwl,bvvhpxycdr,1959,241
fuylzaotquamnmtkjnpo,lkk rtnqkg,1952,239
fvijeajxrtqtvgnvaxvu,mxhb odgwq,1909,908
fvuekhocffpfxfeurvdt, wqsrhqusb,1849,403
fwpeqptwuejnrxdelgqj,mtttckuqwl,1820,453
fwqjbiormtxtvkbnqkps,tmtnimtouz,1865,158
fwtlvleowzacslccgfag,opcjqchcdp,1879,513
fxrnsiwcvqtymyhttxri,gnnihzhqei,1804,257
fybfjafjvlhkypctpxks,j sqkox ht,2017,533
fyzmggesmsqhefjtajoo,aehogclmud,1902,454
fzhwxzggsfvybdtrjtdw,eubxftdsdq,2006,286
fznlakyevoqmjnvxnchz,iiwcifa vk,1813,925
fzqkiliziajsrohfxhsr,uzdhaphdnt,1972,599
gakdxbrzchryybyysbjf,lsbegqkgqy,1900,839
ganrnhugtvuysffydduz,cdd kvnzig,1979,215
gardvujzgnukxejlwqww,cdviwsztun,1900,322
gckvkhqlmdkghjlerxsy,dhovyxlhyd,2005,723
gcywhlonwmforwaofpnj,yiphpswgck,1923,769
gdahapnqjoljpgfbgnga,ssknfgtnme,2017,806
geisdwflxpdbztblsaja,lyypjlzdiq,1821,967
geqzvrayxfimgqjhxfkg,qkjjtdehgu,1913,749
geztlthpbpazjqavaekt,lcxcdxwdow,1980,277
gftgnpbddiagwxsjsthj,iwazqfkqkb,1914,400
gfvvpwisqdozbcvyavan,ujshizjoky,1914,650
ghtsopgiioebznmmbuul,koyvjqaqbb,1850,860
gjayhmxdibmfhkmdpgle,qotrmvmncd,1949,608
gjwryxfplkzchmmkuipo,wjlxmcbjqz,1980,735
glwjiwurvjpdkvpeinzx,gmnglcmufd,1935,515
gmojbwgwkgslfwudqmjs, qss jn hk,1842,123
gmrpunvuxqfavdtgoeis,coeprvcreu,1970,552
gmwmkjiumommsfvpnamu,qnpjmxvhnz,1919,944
gnhgdaebdnrcorjstesq,qgoyllgjxz,1968,108
gnyswthqrcrvagwylace,niicarkenx,1840,787
gotaccezaodaqkfqoxul,azipiveyaf,2014,264
gpkhntfagrrlifrslibl,ipoj enshn,1959,590
gqnwyystdvydsykaxzcm,rfuvnitsli,1810,653
grdmnoiaomlgrgvsondq,sulhrrv tq,1861,190
gulcuuooohsljwfexert,jerzfuiuvr,1940,124
gvbyvaihuoauczcadxbi,qbvdfdeuto,1918,119
gwjryfhcovagospacqvl,mfguznjzwf,1876,122
gxokmjvnahwilolaawrg,lzofkdegsg,1890,521
gxwaqapdmlnnyggmyelo,xbsjmfsitw,1909,620
gyexerarcshhcatvzfnm,siexylfevl,1948,306
gzukpjtojeixuujyxwjg,jutcenawhl,1974,509
gzymdtdwsjrrusoniclf,ppbpgrmbkr,1835,981
hawabsfczjzqvupdlxko,tmryc xhha,1913,230
hbetnmitwbtpnmdqeigq,uaojqfzxzo,2008,893
hbyufcreyjlzdodflwcf,akorfjvmyw,1973,976
hcgapoqukmwopbpkjozt,wmqkagyvgj,1920,314
hechnwxpjmwntxfcbaks,kzvmanckvj,1980,641
hewzmictixielboxbdgo,glonwoabua,1867,933
hfemrfphnudrzbxpwels,txivgjecza,1950,363
hflvogkzgyhjwvlddfps,zjbyzse rq,1898,304
hftkedtuuaplpqkpdtdl,sppnypyvuh,1874,408
hghxfefuuxpgxeyssgay,uqhhtajbxs,1949,234
hgjegrhuiqyxhslzzxzt,fzsutic xd,1815,796
hhvsdafhodbwjggkpaob,oovdtxrzik,1862,515
hiyxxacvldegxxyrtbda,smebevnqox,1839,293
hjrnttuzmfgmwbvtkydz,brxtcv lzs,1808,309
hlbaxinrwvvefyeunfqp,vuidkymsgh,1908,217
hlqlhdbpjqrjcpetvgxw,sxwhxpdgvp,1990,455
hlsavcqeuxhhsvtvsysh,tdoifptnzs,1886,413
hlvhqmzddsnsopybdzho,mfejdhmhfu,1890,361
hndtlnnnqoqjqjesirit,gepmkjmnre,1917,518
hptplithhytjhmlubopd,nobsutwjrx,1996,711
hpvvbwkbocejugfijgnp,vynbikvdlp,1862,881
hqdqqvlhrdzzlsvyvwgu,shycqgxgyk,1991,495
hqxwqkbqtkwhdcezteva,hxcfkadsaf,1941,314
hsybgrgvqukydngdmdkl,zavyjbrewj,1860,158
htidsrwnxdjnonapqhwc,yittlliyma,1818,222
hvbojxhdlysjoalmarzt,zobgwmzvvq,1807,755
hxratovkisfefhrigzno,funpyvcqut,1952,973
hytvftskexhlsvtblnsz,tzohunvxjr,1848,499
hywokanqmuntkoyaiehw,dpikpjygfs,1891,860
hyyxdantfavgjnanupvg,vhkmgrwkwu,1818,170
hzeukyoqglxdwrknesnp,frjwisb eq,1833,622
iaardscmromlmgdzeawh,hvrwavlctb,1905,931
iaptfojpkcejxlxdntzw,pnhpy fdxe,1960,420
ibcjxjrynclyohctrrre,qwcncrbmah,1810,203
icazhcengjxkncmzqlic,lkbrmlqeq ,1882,610
icjblnmwljtxlwotyyew,ebiibxyy  ,1908,935
icrghsfnclyezsuoallo,modhrcaqwe,1853,570
icsaqyntgmcymohkalym,homfnujsbp,1900,999
idagbsprbgvqgfjecjri,eermabmijv,1901,889
idgeealclvfirkmbulhe,xlbmovsq y,1903,531
idyirtdcblqhvekmdbjt,knp ncbxix,1833,717
ieklgicvdemkhgsioryk,tuoyuwq bl,1903,721
iephvwzbxmdgtxzucluk,ztlnljvqkr,1966,723
ihbqobgdiuilbdptayzn,jeazbanmxc,1841,137
ihyuwqzepehxucijfytm,pyydndwqma,1810,430
iidobeizfrytvlnlealq,wc raqzv u,1828,331
iitorbgedwjbdlzbrbhf, uxclumjaw,1886,594
iizsyizromgeiqfkvxai,cujwpauryt,1946,621
ijnsgblerozxlplcesuu,xetwydpeou,2018,775
ijvgrmttcpsmlfnkszml,nzaaspztbl,1873,150
ikxykdkmjpdlnkryakea,dgsq ymrnr,1982,340
ilkjyebnmafbvlccxdij,c hyhbmvpo,1908,443
injlxckpxovdwruvzfdv,xivejaccol,2009,131
insoqoucurdnibsgbkcw,bjriipnzkg,1853,325
iopoketyxiqybbdgykxu,fqfcittdwv,1837,443
iozsaeulwvzfxzmaxley,gdhsbhpygz,1946,338
iqtnhroeinjmkieqlvqg,aczeiumneb,1979,516
irmefjmvinionpswhsug, kiwpnica ,1816,280
iststhravjhvfonyyveh,yxfcfcgnif,1931,379
iuedmzuncdjyiihklrhr,e p lgnybb,1900,253
ivisjxayggkzqboqmsua,phuxgxgjfs,1805,176
ivkidmwoyxxobbhgifdc,wixilaccoh,1878,789
ivthibrjggawkjxphylr,diigwotkvj,1870,393
ivtziindiozhhvxiwvou, rilwogqm ,1925,496
iwaejhcutnrjabzwyoco,cvbkkbbxtx,2000,525
iwjwkwdrzfirtpsibwby,wpbuxhetod,2004,216
ixkslcxrbpdsofzxlzmr,sei epnpso,1975,338
ixkzqaozqhtvqahukdzp,iufinefkvc,1954,604
iymswcgssvvdzgllxhse, jehswepvz,1936,527
izcsvomzezwmewtpsssf,ochojh qft,1993,710
izzowfjxphyerjtswakn, fhvj ptoe,2020,203
jalrjwcnlikdfuoxcoxq,m acwxzbwr,2011,625
jayvwzeurzfqigxfdvns,bvifnjl rg,1832,136
jbbuvlaemoesytcedzdn,unzujxeoqo,2003,646
jdkvvnlzgehfwniocgej,tmktvooffz,1801,848
jecyppslqbcmfvdfzcrj,bwfbjlgtgi,1870,776
jeliteahprlrngzbeldw,suvpsedkki,1905,341
jewimdynipkcaolzmbxz,hjla qtofa,1811,844
jewiqucrhgvfpmapgxhp,kubdejwlhe,2004,465
jfmgfihiyyqghohqoyan,wrdsplntqv,1968,886
jfunlgcfiuzgtbljkfnk,kffphfbahs,1939,810
jgpxpnqnhsedzhopqfli,jnjlarnqph,1934,620
jhtsntezdfwjqvrhtqcb,iooqjpzajv,1923,134
jidsjvvgttzspkprdgcj,ivsqwwgzvn,1947,304
jkhtdkrimnxudfxwhzdx,rtrrbzjulr,1878,504
jkoccurwntlnkdiywetg,mddizdqm p,1806,442
jlbrjkcmzpepjymufcjg,qbzvjg nkg,1944,295
jlbxemsferlbaminzwky,aqnaedkrmt,1876,971
jlgwtjwoqpenwtgecclt,isv shninc,2012,885
jlnojqvgczfwxnlmqpur,wsvdfgzgmc,1807,558
jmaepvufudgspfsmyniv,dxevqtodpr,1902,168
jmneyfeqnfdifpzfvboq,deacqkbhha,2007,671
jnlfnywrapnfzkecgriy,iwqwuplo f,1918,183
jnlsemefxinpvuvknaaw,hfmdskpcwu,1856,586
jnpmyankhuiwbcnakkun,mqvqwirbjm,1955,894
jpjomsbqeeqgpnbilubm,rbtvufvaso,1908,674
jqenygpkgoknwjlbyosy,rqfpqxytbb,1808,635
jroczmngqzmmmhyyqcbv,cqvljj rts,1949,464
jrssjusfscfymetrrjdf,trzjtvtulg,1924,427
jssgdfcykajynrgcrcvy,dkevifpapd,1919,297
jtecncmxjzyrckayppdo,rnlfzyttnt,1955,757
jtexkzytcldjgbiqpyhd, qgghguagf,1879,565
jtpsmvmnhbrowdumkbgp,iemyshuswp,1906,167
jtrqrfkmxstvxcqsjecn,bgfzqzyhjd,1916,402
jurpytlrpdbqhqhvxeit,mvsqaiimcb,1938,344
jvzqtuzvuqmwyrzwwfht,qzhqsfaews,1895,509
jxcdovghpogwpkgkycqo,dxpppamuro,1845,505
jxieypzqdbdnpxxbjkhq,yphkpwlv s,1815,698
jxomxolozfrolajpvvyn,vkimmvmhef,1875,804
jxpyfjbattohceqovkzq,egtwcezura,1912,338
jyhvwhsmjzkdpwrwzzxn,wjgflzuwyh,2016,743
kabpknhzurarhraedsuo,zgnqncnjec,1844,472
kdfvynsjjhnqxylvytam,ymzhnmydrf,1940,493
kdixumygneanrxaxrxuk,pp csdhfsg,2014,484
kdqxhtshpjbuogvqxjjx,yrccxxyjum,1815,830
kdrtpkgosgvtulifoycm,lkezzasneu,1945,492
kdvaxxouvabdanmayyjx,lwkendbpje,1841,695
kdyprjuadxlgredfefxw,fcpqlg ugz,2010,250
kdywpykgqoixyfwcemvh,ojyeljerfu,1856,821
keazprzsnnniyhxpqvdd,f rtkqlyap,1958,257
kehlgsjhljxbwnhukrre,rqjibuzeqo,2003,739
kemontaxzhdpsdprkqcj,pwfjugcu s,1961,803
keqharwplfjzzmukbndj,estrpznixr,1845,151
keurpbmbfwyowcfqmuhn,kkjaxcjmwc,1968,852
khrjsabtjfqehzlnewhf,otkba xbv ,1896,187
kiidwmnlqbqwzjpxznxh,sqlnfguukd,1896,438
kjwkzmxzzjydyjstqoct,qrqrhfjldf,1846,842
kjxxlazdweulcucdbhzo,bgt uprlas,2004,496
kkizfounpirvomozqwqi,oxvvbmsgbw,1821,650
kmdapwqcskuaikliwbbr,ygruvaafzl,1955,191
kmmckujgahurotutsdxk,ywyr syuyp,1997,748
kncotwphixavhgfjrmzd,gilmor uht,1926,968
knmqryjgdlapoeoqncov,ltcnovydno,2009,451
krxwycuixkzqwgomjcxq,nug qumjgu,1976,558
kuaisvzzumetdhsviijp,kslzqrcmkb,1935,291
kucsppcqningsxykswnl,xzitwkmgmo,2012,866
kvfrxqnnrxdfbifdrpks,xtoyulwbwh,1994,172
kwnrgrnfzxpjxtqnppjn,zpvy rflmz,2018,635
kwodavgxogxfpnoalowu,fpuonkpvqf,1874,369
kwtwefskhhhjdlyvortf,mppgpxcaqr,2013,649
kylfgcjzlquanyjwzfja,fhuw aslij,1849,221
kyvmxdkvliryhzvnskjj,kmzxsriukb,1973,152
kznrobfzcsqndaogvxzh,gder qy lr,1952,166
kzsdtljeqxfzwuprihuq,iozn sdsuj,1997,749
laekzjcozhdzulhqtajv,s ltqdtpzm,1890,490
lahpcauzjbbespckcsml,wteszqsvop,1817,555
lbogvqdxajnxsasjvdvt,dggicpdjom,1976,748
lbsmeeuwtkpamuwvueev,yaprg roby,1825,347
lcgdmfjurlrzoljdurgh,tcrfbolayr,1979,896
lczanlgpnaosirtlcmbm,eeprewljiu,1907,269
ldaosbynmmdhanjvxvba,dwcbfacina,1952,379
ldbxvzzmzlfyanyqhbzk, lrpetnwoy,1950,899
ldqiacpvhsufouukvuco,cxxyasmdul,2018,155
lestfskblvulxmcctrxp,arfnamdeoq,1934,968
lezimbwkpqgwqyrmpjru,suwxxaehpn,1934,287
lgsvvdexrjrptusmwsqy,ifhtonzsey,1917,830
lhtrubtrrdqobvxwofhx,vctuuoonsb,1931,311
lhtxgqixdiwhagggulzj,xyvwqaiyxr,1843,520
lhuionywnngsqmqisnsy,bfheulyejq,1887,430
lhzawjbppxczurblggti,jtey qbfrx,1997,762
ljylptyvvwubpcjntzkq,wwnziqifdi,1833,736
ljymdgetzmtnzpschktw,ng rpvbxpf,1952,254
lmthugrsygwnkhnmdqdq,episjevi y,1924,763
lmxkokjymltgbsfnfpcf,m hjfiioub,1955,576
lovsruvcegovylbqonvw,roypwhhgm ,1961,931
loxxzdggoacgmsijnqyt,yqacak xc ,1906,641
lpfycfjbnwxgkdwelook,bpbcsqiaeq,1892,948
lpgpmncvynipkkbwjnmn,ppjshzmqxt,1806,312
lpuqiuqfnbadhidwwjcm,fl zqqgpzk,1920,876
lqudbjlhtawcqbjcxczi,xiuqscdbke,1859,742
lrubajeubdbakufqalco,xtgtxqhcjx,1825,804
luqnyxqlwlkuawegedma,viarlgngqm,1908,352
luszhzjsbdtxgpooiovk,begsybogip,1872,732
lvsjdtimiscvnrratrei,gsdpqibybs,1884,738
lwfqjxerbicvpeaiwpbq,ckhjgrpym ,1930,955
lwhdpeshsvqnshrdvqsu,fnmvjduinw,1866,569
lwtnsfmhmpdopdzzcumr,zdwvhrcuso,1903,628
lxudrnpadkmihuulywtn,sjenhoxcq ,1844,725
lyfgfovfjszozwdvlicj,wnkxcobpmd,1834,646
lywwgjbhlwuwdjkmvtkj,tkmmqmfbjd,1847,840
mahsojqcskhojuzlxxmr,ymvhwmcjhg,1871,626
mardxviznbmvlkgiedlj,f csr mzxf,1939,315
mavocvpahabfnxthwaai,boupcvnkck,1977,932
mebdzsdzbchmlelqiurm,behenytigu,1993,249
mepegqyivegakccltisy,qxpklobbzi,1810,724
mevgkykbtwzrlayxltgp,brecqxqfsj,1939,250
meygsvfkzpbxinmiohxm,mmrdhvxnre,1928,470
mfgsqvgdcpgjpttfojvr,sextailpns,1961,321
mfllpcuvejzckbslveld,bhldcimsbn,1963,388
mgyhyjbfskszpoyhpcwq,dbtxcatyrt,1908,369
mheypflpekvuyabkotux,qtdodrkqq ,1818,752
miuqsfwrnalejlpblxfu,aksiphosgn,1964,475
mixqvmkygvbpgrqskgdl,tjvlxt upn,1968,622
mjghevfsfobbccfpkyww,gsgmhwfnjq,1849,775
mjmalmflgpbcgydgkwam,roxxtatwzk,1918,252
mljzouprjhkimhdrvpvg,odynjhfqmg,1835,194
mlwwuydhkphlhhzrigcx,ghdvodvdam,1984,567
mmbavgwnmqlzgsfqtqrd,xhkaebbjwy,1839,590
mmpmvhhotxlljcpvyknn,lyvq wjuzj,1953,311
mnowywruwgkqztxtlgjq,ulsebryois,1875,306
modfuvjslvjnwdqpeirq,xtxzftuvfd,1962,991
moizixonxillrtdtspcj,tsmmmxozxv,1983,200
mokmejykrkwkdjzomdqw,xuzqwtmjbh,1987,967
movntlcwvqxwkrafdekt,gjtrmhzpms,1938,435
mpinbeyablypfjufswcf,jcpokgpqjz,1996,839
mpwmozklfxoqpsyeqztz,miuwcjzoay,1866,369
mqagobfsmhguwubaxpdt,hfkrjnutmf,1992,215
mqkdvjazpbtivflhbugo, b xnppxmp,1970,949
mqkqnbrlwowxufzflvys,kyradmadqx,1820,484
mqogasimqawcxvwjwchm,cmjmyawjah,1933,272
mqsgmutsfjvlvlblagha,ysoebfbdhk,1975,167
mrcdrxmhwjytkgfxxnpb,aylanpvpob,1951,231
mrntcqdawaboxycprqps,eqhsfjxqjh,1815,425
msgjjxhlfpkxdlwtqxxy,zwxkcgqeak,1902,403
mshfyrkkllsgnzsoguee,yftriqsxxr,1917,230
mtlnjdodhbghojvzpyzd,hqwrrjabrd,1915,931
mtsqrtqcbmlqqbtckfmi,qnmfqfusho,1943,733
mubrahrlfjfkrkckluwe,wgui gfbgm,1893,584
mujchawzkdaxknzjcqgk,kwntwf g a,1992,506
mujhjdeemjklxzdctumr,sayxm ohe ,1979,413
muluygayplmxvkypycrl,nfmizddvjn,1949,651
muxbfzwrdozzsxtwigxn,wezjzvohqu,1981,254
mwslnnbdrvndfmjsvter,gnbhetcdwc,1871,598
myaojraqcgpetlpvfqqp,xjzbwculik,1852,275
mzqkvyogiodzctmjnnyp,k ezojffhb,1838,720
mztozyxvwxypahetlrmc,ahwbjupqgk,2000,732
nablddsaewwkxdwllfdc, bjskrxgep,1985,846
nacvaurbdiddcananeqw,f dgedeabq,1987,759
naxdlpldddmwyczcecte,cbdccvzriz,1970,233
nbdrfvghsfurtfkqanzp,ymokovlqmy,1999,479
nbfdytugyolitodhypnl,jvl bzrfoy,2008,441
ncgwowuaycrrkqktqaqz,vmxarifjqv,1865,322
ncyhflxhxnauccadxprj,mvchpcfq g,2003,751
ncypxdlzvtxfketmfgjy,trnaixlowk,1832,405
netnixugsvejtrrmvdkf,hhud byank,1873,131
neysvbyzzyepmeixbemg,irgrllexto,1884,485
nfohhhhdcbiponbhoucc,uqmjothfvj,2019,850
ngpouzdgmkwluzianrdt,ncgisnrvur,1988,158
ngsedxrliosqnekpwnpq,ikivkxaifv,1974,832
nhuokvcoedyzjlowwjbm,ybfxyjpxwx,1871,968
nilmovrutpfetvmgkmpk,hufm fqikk,1958,315
niqappyguvfoxkdovtwy,uyydbcylmm,1838,834
njhcxgiqwpobfnonkexu,i uhouitko,1863,138
njmnawiesnrvmcjdntzo,qiwkbdywfx,1914,152
njrxmasqwxfgfiasiequ,qgvuhndmkz,1894,962
nkhpohnourglceuayvhy,mlwzsktjdr,1920,960
nkjblykdtwlppdycdvpf,zmunvdjger,1967,605
nlgbzctgjnhxosbqgxjr,raizorocpr,1800,873
nlgjtqckwtgwsraklkol,xmgffzfolb,1806,535
nmwalpvsfquiczcmaxsj,eey xfdorc,1973,244
nnbvqlrtostempzevohw,vpdhypsdjb,2009,471
nncmijworjendrykfwhy,yyvjjv rku,2007,390
nnmzmsefcozhavvztkwk,dtrpzuljfp,1974,135
noxzmiuxzlreuhhlaffi,qwshkzmhpl,1970,403
npdewualsuaqqfsxxerc,bkvigdcbuh,2016,717
npfphkhbinnppcbydszw,lleqjccbjn,2001,571
npjozlokovczorjplujn,srppszpdwu,1854,371
npnrmtmclemgwwxrphrz,oufxvqpjew,1959,342
nqglfgywaxtvpvpxjjwh,posvtrglza,1953,752
nqwmggyrcwtgvzaprvmv,munypld wg,1995,904
nrevrkovwmcqeqnbxyji,fzpzuynwyg,1831,364
nrumpswukildgttfvjkg,odpedxpidv,1918,771
nrwhzdgrlwecsbpvpphk,uqxjjzvpgz,1992,882
nsxdwqkzrfolrokwtonm,gobgmlod b,1949,990
ntpgwcdkliasubhgrimv,oxhthpscwt,2012,561
ntssjgeruwhwhbescsdq,jcnkfbmwsf,1869,139
ntxvpycisiczvwsssxxw,vgcafvnpjq,1933,477
nuxrmnokaklqdryiwwxr,voqnivyams,1944,612
nvnyfihhxowxfgbkxogs,vqcafojqn ,1879,747
nvsqhvwzbonivkqdldor,vrkrarxwtq,1987,252
nvtbvvbaxmmnpjcgtpbo,gbkzbftovc,1914,392
nwqfwsugcirufgjzolfl,o ojyqllpj,1881,330
nwwqzsxkyroxoghdknqz,febpotllxr,1900,469
nybggjhhzeidpbvaxgbn,dprdjy pjx,1862,406
nyitfyeyuvptwuqqwifq,nkck bykbj,1985,377
nynsrjrzugolfjvhnqof,wdlcdnxhvp,1899,422
nyvsbgqxfyqvcpmcbvwq,edptb naro,1909,601
nyzcegjgmbknfxszlgcb,ofiwvqjmyo,1927,469
nzgdbldexgnrvnsoneum, salarbouz,1811,361
nzkcywasmcvcqcurzebc,kbdcvyvyzo,1869,300
nzqaiklnpslqhktlhyzn,mqvbqcuhsy,1850,545
oambmasrwthqpyvhdggn,ruismplpjl,1906,738
obnnvjamrqmlkijkcapu,cgqgfmgowm,1992,349
obrcnovdcrcohcdvhasu,aofbgbdfpy,1968,227
obtdmejxkkpkfmtxcrap,e xgjduolj,1819,816
obzdunudmfokvxoefqrd,bnbkmphtrk,1997,152
ocxbraopjlesrfkxkilq,al ibafszn,1894,213
odewndneydvcvrqeyjyq,jlyxwtodoa,1887,660
odsuxbdpjmwmnpuhqeyk,fhfeuqesbl,1831,442
ogabhdgxzosoyzkxrfnq,xtkgmevswf,1862,985
ogjbjbbzdgxeaisngxex,ngqjranitf,1850,868
ogvxbbbkwphbbgzobxtk,dfvejqxhza,2002,871
ohawdksrfnqlczmsphfh,wlwyahc cy,1981,824
ohduelnxfcblumukjwpk,uxjkkxgidr,1924,657
ohnbjvkyizqxqzrchowj,mzxnywfasg,1961,503
ohygnohthuhklzvuzwbx,jbkalumd a,1896,178
oiuhdkkbperwmwqbmavo,yazpsbwhby,1881,511
ojdzdmzgpnmzgeqtvtds,xkfd kfslb,1879,171
ojlfeeftahxrbgfugfse,emtifbzluj,1911,559
ojnjaeusktjqjdwqwknv,jyavefjwmz,1964,341
okipthjkphrddweseyhw,fpfjatnmfr,1959,927
oktuvptgvetllqkrilki,bmqvdnxjfy,1821,985
okymhcvxucgmxvcamkmx,bbsbbhyrht,1851,676
okzkoeukqfuocxabzzhn,cue nha vz,1883,379
olcchapetsqkwxzcsdwi,jcypyrtxcq,2005,765
olhjuzdahxkmyhffkchs,wkuhcpxide,1942,246
omedjzvbmmtzyztptwgn,brvorxrnwm,1899,268
onlvlapwfyrvczhefzra,hxkyrop aq,1869,249
oogqxtwbjmozhjdmcvga,ingtwiljfy,1825,680
ootnlfcofopkgkpnqars, vj slhfja,1893,932
oqkqdirsydknrwpmnyhj,bif meqohz,1832,707
ossoabuhgxqsrmitrbak,kmetagwkdq,1891,311
oveccpypgrnorvxzeelf,yeejoaschz,1981,261
ovikerjpqlxlnkkbuwxf,uaryiylovt,1927,204
ovncqriyerfyhhzaoroz,ck uddxcpl,1910,638
ovwarjcuxjjtrsurajrr,qbuwqsiqyy,1830,263
oxopyxtmnanruqfhkquo,hgivqbdewc,1999,996
oxpugptoiyiztjferbkh,lpsuqc ugn,1877,725
oyccynejwonazkbwbqtr,xcksjiafdr,1971,504
ozbaojoobdveqqfinhtz,m dllxsohz,1832,953
ozktmkcjvqrzjhmusdkp,jevo agagj,2003,172
ozsnsfphhoqlqzxnzqgt,wioqnzeyct,1945,253
paffozxlknfyptsqhaji,dlnceqeotk,2008,106
paqkktmfwipnjkqfyzjb,sxnjqrtc v,1809,323
pdmkxjavoteavcsenqut,hxgcjopqpo,1880,322
pdnqrqsnevnfvpkkvkle,zscwnyudmh,1972,176
peatesbbgpwyscetkxwu, memsmcbnf,1911,497
pelkhxxtphdhhiivokhm, voqa fbod,1849,494
pgakrrcaubbmymoingad,dldxttpzqj,1997,907
pgoskzzvystwatkymtbg, msncrbvxb,1800,135
phbksomjufjgkytunmmn,lkkdq wbbv,1895,973
phgenobykealortupegb,udlcb tkbj,1902,277
phhwlbsvaecypvbuwxrv,uhyheiqmxa,1870,361
phhymwwjdehplzysgjju,tfcgyfwhfq,1979,842
piorhzvajgimngwxxjws,lbmtqzaesr,1999,295
pjaprlvzyegpdvzkqqah,inoxaokw t,1977,651
pjfhifatdjonmewunkhv,skmweucffu,1955,452
pjyagrqeeyhqrtbifiih,yimwcbecog,1998,893
pkfjaxswrdmiqugzqcmn,aixegeysvq,1906,990
pkgoftqvbhcmdvrwjqsa,nwzuuehgih,1899,431
plkuglmcbayaxhvxdtnn,jpsmqzejgb,1895,147
plpwvaznfndqtmnrbyzp,ziwdztbyur,2016,275
pmlegdwntfstaefbpxml,plgqhpslbw,1882,829
pmwiuubbvhlzhgyimhmi,ypu bwgbpu,1960,760
pnzsaudpqeectshfzlqu,fuqptcolrx,1936,356
polndywvrzwsesqnftzy,yzotuapni ,1837,322
pqibjvjwfkffwmfymvse,ilksfakj i,1995,636
prurtjetlkdekqfqltqu,xmpquymky ,1889,229
psdtudrpuxjhuqgooqwe, empxlotlz,1973,582
psmlnxwdqfggwvaglxbd,efwmvecvts,1866,873
ptazpvyvkqfpofrrkqqi, ejgijg nn,1943,327
ptkmebjqmqvfujotwltn,zvirbrubil,1969,456
pvzjdcilngqpuyvcfkkb,tynvvtuh z,1874,165
pyfkdigohrlkgbmynsyu,ggmxclcf a,1910,861
pyjeeyznorvkmgcyyeal,wbmjfyjpkb,1916,788
pyollcamqyhsawznnpou,rvwqkasimx,1918,382
pywzlgugwjrepqaydkjr, hhyqpfuog,1944,573
qbjltsbbeokxqwcjugle,mfeuogayfm,1995,165
qblgtiiwkkraoyylkhuw,rtgosjdman,1836,459
qbmjaztegxfdvzzpawaa,gk bxbwybw,2013,255
qccjheahksaeewwjdrsa,ipjkcoehoy,1960,779
qdcxvylgcaywgmleobiz,ogjflupodh,2015,170
qdgivdybqajfbnxixudc,ofdfqyagfg,1805,986
qdhbqsjrsappjixyrayo,ngadawtddq,2010,710
qdrkprvyegufmqoejaxd,mpybdpskiz,1982,181
qehutcuweijvfohzoxmg,vk prkfayn,1918,308
qfgqcqmvvhwztrfeyxzm,klbbmynbpg,1989,874
qgmqgpjbpeojfzcytryv,sitnwcagto,1863,676
qhsxzxcmgnvfcbhymkiv,nv uyasy l,1849,419
qjtmdsizlfqofruqhzwj,smxclwnfau,1940,659
qlhokanxmooacaytkqzc,xvqgahg do,1890,194
qlviibabhoxffgzmvmmv,jndzgrbzlj,1811,865
qlysglhkosgqnqoxuimt,vlixunrcfo,1831,322
qmwpudxhysjtyhbgulkl,aptasyegdw,1877,614
qniduqihwzgmqjutnsvi,xu hqrchyd,1805,884
qnjykpvphyuuhumbukoc,mvvrgagcm ,1885,252
qntnyghkmegsjusxbsxt,icpakwqpby,1900,640
qnydyqktjonpjpvydfpl,eywu dygar,1904,976
qopfchdilyfyqqtrixtb,lqax  wkcq,1871,788
qsuewyycalijjewannnx,hn qhptqwy,1958,937
qtrnjhrjnkrtourfnipc,ljg wjnpst,1903,179
qttjdoscggismigryiim,indksxmktn,1951,618
qtzlotrtheyonqabwbhd,hncdnvbqza,1968,263
qusvcjicmceaipnvhrbn,g sbeuvvyy,1886,554
qvwgariourbkckbowylz,xuijzsbtoi,1887,524
qwdkqdxtavcutfdbphly,fmwnbjsnfm,1926,349
qwwrcjhzrvmiintnobui,aszvmmhjwb,1897,120
qwxfnxxmhhfqsgdnxlur,vfu orujkd,1895,286
qxjjarvaflwyrzfrwubm,aixtidmngl,1912,719
qymqnfldmwcbtutuftql,mzooygwcpk,2000,449
qzljrkjvkukhdyafgkoq,jvrflumnhv,1896,321
qzpbexnsvbemmtmuhgjz,mnpfuvsknq,1949,626
qzreslkjvbchocloywik,yuzzdkyyvn,1803,310
rbdsnzvauywpvmfkjlzo,rkoemjttnh,1975,760
rbjebuvnqpdrkaiqngfq,umllvqntwb,1931,319
rbrzuhckeuwdwlvpasnh,khoflzguba,1804,122
rbtymqdccfbcimwckyzr,zjw nqlwrz,1851,146
rdapmyodxofcytpgnvkn,mxdpkpxmys,1970,368
rdopjcgpkivshnvkaajg,zvnnmhctu ,2007,535
reazuqcxieldqayycqji,lumhbffyoc,1912,471
refazmqlwbavsrcmidmo,dzmwxmhenx,1873,678
rfbxovtypphsgbshaijg,ciqst fwkn,1840,537
rfrrikmhanqfgmvxfjzk,iwy gcxpg ,1800,702
rgejqedqtdctigkhmoli,ncaqpnyaqh,1954,375
rgjdehanoaosifeakofb,hypujilqxe,1811,930
rhpbamyumztsmmlmaxqh,bmsb mfjzg,1809,117
rjdzkjawfqafgkcugjmd,wzrkzrdkrc,1990,789
rjhadvtjgbyoixcpzmxt,xhaigzwtlf,1853,231
rjyazsqtcyrdxdhutzcl,yhvuj wbzg,1909,877
rjzaoxurrbgrrbqjbpln,tuhfcnkibu,1800,467
rkjhnuusabugfmeuzxli,aceqptzvsu,1907,216
rkzvaunwyhqpwosslqaw, crllz put,1949,162
rmqzeosfhiexjrparprh,fdoaklwmrw,1873,514
rnqaxddgeqnqqxdjagic,fydwwlzzpc,1907,129
rnsentbbpmioosvumqxh,owtplpvjva,1953,190
rnwnamdzqnoppdlqpfjp,xa w ajlru,1826,708
rnzfkbobxrgbcuvuwhve,byhbhqejyo,1882,459
rnzzwbgkqkytmgtjfqdd,uoejfsjvo ,1880,516
robkhowjqeigulsbldxg,uwjwja rgy,2004,992
rortvhvylgwmihycqcnq,ywwdjupcqz,1820,889
rpnpaqrngwxrmnbliaqz,koyxjbyyyk,1850,192
rprsaremymceqcosvokn,mm embvqdo,1970,100
rrdvekbvemkwzmfgjlgv,arpbwpnbdy,1986,704
rrjdlhzasdnfckejtznd,lbdgbuagzv,1805,850
rrqdlaapepewbdbhfynv,vztrdzqpwp,2015,825
rsgurkfbjkgkdbzzmzqt,mfafevi zb,1899,910
rsjbjdyctxknvtmazqjd,npendg tea,1861,386
rswowsyrvhzswjyvurlv,zdhltnnmpf,1887,741
rsxfzydawlaezvancedd,dgo sbtcfu,1925,490
rtapbpmscuucxfjgzaer, rbrbcnxei,1847,303
rtclzsslzsmmelmvodxl,hdtgxajjip,1959,727
rtrfibzszbovqdhmwsne,zplffkfhix,2004,508
ruakhwpufoqaixibdlgw, fbpsodvfc,1867,833
rviduscsauuzgmfamcrs,twutgiun e,1812,169
rwqysrsthzkcwisetegf,trfokbyagm,1885,321
rxnrzbqzxlrbwcexezkj,nqnfidifzu,2006,298
rxxacdtbezffdflufqiu,dvxuxogawi,1884,297
rybgfwtrvjkotgpbzobd,wxvrovgpbo,1978,510
rycnmghwfblkyhbuoasf,vqrsueawz ,1963,534
rzwochitghxbpbycsmat,iixrhl ghq,1975,449
rzykdwlshriryecvyloj,ybdwpsntez,1806,175
sbjvbarilaxkmgyuvaer,ewr pnlc a,1908,485
scjtidkultgdjajpxbit,jglhocpfdb,1983,691
scsjafkdyqezsrelidyt,nfli ge dd,1938,354
scyugvgbtwshxgsphwsp,tasrgpohqd,1937,848
sdiopxrgirwslyvqihqr,hwmwztglkg,1883,623
selsojdcehpoaporsaro, zpaumkcca,1939,162
seujuityhbtwdjgjznwx,nwiarpd k ,1983,185
sifzvdlstauotqwyiyts,mqetcyarzx,1806,708
sinudlihnndekzfeoebz,xskpkpgveo,1957,935
sixjgmgzbhyjkzprhdps,btpelt n l,1885,472
sjridsxnzzyyzjuquyye,jewyjvqbxk,1855,607
skilgchuynfdoykikcrh,hsfjupqdbu,1860,575
skkaagcjfcpzfwcjwbwe,mavbaqpqpr,1830,587
slerbduttsxnziuyoywd,srfeokyehf,1873,637
slwkufzohiagdtfunqgw,jjgdvwpwbn,2005,137
smapeeyldaawpxblruwk,sxvay azjv,1947,353
smnpbgvhipcxeqotslwj,nobnpqajwr,1816,638
smqbqxpkbwgqrcoesyky,qfeibmysid,1935,132
smxougcdyhhscicjybrx,qajkic pmp,1856,464
splydttuvpgrffrsmusg,stvceybhcx,1855,939
sqiwghfgwdibjwphszdy,rkflbzwczh,1911,869
sqrxskntibtxtvzguodq,smmd bfqkm,2003,431
srovjfrduyihqnuaoulo,yo ledpyms,1927,594
srubydrwybwdqxexmogc,kwkyxfntdj,1931,557
sthuvjhrbncvbafrviyo,vdjdgpmwfa,1859,230
stlxhlmdvlugigbvvrph,mfvienmjaq,1826,929
styuwkqjehnuiwtajfzq,brirniwdml,1815,909
sutjlbwvskrgbfwspppa,okeqf opqu,1842,127
svnwlbbileyfygrqtcsc,hhngjxxxsk,1820,420
svthdspackrpwepckalk,md  eylxzy,1820,126
svvnndqsabphahzzpbmd,hvymfeufbb,1951,981
swrojmnrjaikrkefzbog,q tngpjofs,1920,234
sxihitplukkqsyxmuacz, jvzbduyfb,1808,837
sxxlczlggvlhvzihxtan,jeahffouaj,1897,824
sxxpqznijruvbffjgflq,uxvsjywfus,1806,553
sybcgxscjzjatckbzmlp,xbjveuktxw,1950,238
sycfqwjwqhbyhwzifbox,yvarcdevqo,1806,623
szhylofinerbkasutizz,amexhplrae,2003,976
szokrzcfzdqrnvxyawlk,cextkmyfgm,2011,462
szxrzqwoflhtxylnlqmy,cnpb cgdv ,1844,389
tadvipnmbdncqdaqumuy,ruseb vxwl,1805,923
talkjgxcigtdcwsteyax,yanjolxfaz,1990,502
taotfnliqelnixzjmqpi,y mhfihflq,1952,211
tazhzubzrtuwucmisulr,rcqnzulxay,1843,518
tbhkvmnoglblhdrlvere,vunbobzgyo,1902,880
tbxylwsxnfvekzgcryxr,cl evraisp,1925,771
tchsrgrqnrezwinjfoef,rlhjcqremj,2011,145
tcqgdjqclqibpdrfcvxn,muqjiefvch,1878,787
tddpeahhkzfbytvxnwmi,tqddwdyapm,1804,536
tdyiztrqqrgzhvhsytob,jswkwoh yw,1973,832
tejbmpmdmmvawymckuyw,rybxygdrcm,1811,294
tenvoygtcxpdshtlvlgj,otdnwymwzx,1924,576
teodwrzjaibhbsxkxnyy,jg s cyvxj,1977,311
tfmcndkvsjauesiexnzo,ktxd joqud,1872,421
thoqtcvzbzvqisgrevro,tqvorytvso,1930,909
thxuzjlijjnaabnixuwd,otnwsyfwnm,1861,679
tiexcrzquyfjhspjtppl,cmehyo nif,1922,509
tjmcznukcltmuuquuigq,bvzcwkeprh,1970,825
tkbrayrxwqdrvdphidav,maz yocntp,1933,221
tklnmdqgdxajzknmctoo,kvygftsbrp,1902,639
tmyoyvdouzybevmdbpfa,lmhtymtofi,1902,237
tnkxyinttriubmrezfbc,wlalxdhzup,1896,386
tocfjqdsqiqxvttnrsmy, nfmksyxq ,1919,855
tpoedivdajdkpvnurafy,ccsjxwghut,1851,662
tppekbzssfmshvscpzzb,ykdwjauqxj,1810,676
tqpyvsexkmswsrswzneg,ygxsmkmhed,1954,150
trneosalvshpzcpwcfbl,kpsfofsqic,1843,570
tvzluxwibhhrbgkhjqpg,rudkvla io,1901,570
txclphabqdcitvsdglbg,hdmapjsygi,2016,517
txdmjaeybwlmuetsipzs,iqgeqkhbnq,1991,374
tznckllbdcahdomtxezl,bcoxejb eb,1861,957
ubkscwormaggrmymtmxf,dtnqgedgvi,1808,466
ucncrqukwdcrdbgoxlct,lhohcaezgg,2020,967
uegofabuensqfswwkvwq,ddxmnvllmk,1926,353
uekmjnjsfokdoteewhyr,rxzwmkubti,1838,944
uewrrvjjegoliznxircc,hgbyuyyvta,1898,343
uezyhczkwmmyzmjmdhuh,nobczksnbu,1837,621
ufsaqybncumpimulhbco,qhnqlryaof,1912,292
ufsrvrmcdothvlefnqli,u zski wno,1897,126
ufyahsxlutpbdzuwlnqr,bnygavndre,1943,342
ugbthumrhwlmwzqeyvdp,psdczquydh,1862,685
ugzlrjsutqiviejxdjrd,qlgovwatev,1984,594
uhgaqfwofejyuwrshdss,zrxknabbnk,1864,201
uhhjtilcipdyofykabtr,bsnugstjlo,2012,367
uimeltsvdbsygiwgfzkj,cohxxcmfwq,1814,982
uipordnsfnrskkmcittk,gnfrfvqvah,1979,193
uiuheefgmnhxfscpwmxk,pxmwwzuhwg,2011,808
ujgznqtkfwjdbqhnvxsw,tccltrk dw,1860,126
ukevzezwfxgwtmcchdos,do thdgpgc,1870,449
ulsszuyatltkqblwtiwz,sfijmcbzbc,2008,262
uokwpqyuwsezdcjkzunl,nzxlrscxdc,1903,458
uolmbiejthlelqpkqvcd,tmpajfgvwh,1890,166
uoniuwerrjpbdhxpbsly,ay ralxsvd,1989,189
uorxdsnvskzieyuwrpbb,ukbwwxrwwf,1868,566
uournlydpluuybuyrpel,fzsgfplqgw,1923,810
uoyehjxxnyfghhngxmje,vel taxqio,1875,528
uozyhtzoveidpywkjcaz,cyvglgdeyb,1885,610
upmwjmmsdbkdhorkkniy,ayeugacyrs,1841,434
uqlzvocqvkpaqlcrjega,mjrfyvagkn,1899,947
urfpumbhqwdwnfgqbwfg,odxgjtipse,1935,198
urhkcnnpifrqzdytrmox,idqcyartwn,1839,297
uruidgzehtodsoyxzlus,zjmnajrg s,1848,865
uskiymgdnbkbopybonig,ntbmqwqphz,1918,564
usvhutawmdikwadhajda,bmspaiskve,1905,453
utwzojfwnmyfcbihknhw,vcvegezqhk,1994,984
uxgsprezcrricfzqwlje,bfqnuwxyta,1971,477
uxynrykmehzhaqmrizpm,buqkhrhrfq,1909,147
uyzomwgxafjflcwzdjru,dkqcgaqdhn,1807,969
uyztfkfvadxcprqrmrpu, y ffhrjlc,1955,690
uzavpqguiumhsxdcpfrk,xkxupvfaer,1905,849
uzqpfxabksjdfeqraxfk,rjkasdzlpr,1948,723
vbajoepwpoiraggovqxa,lcdshevdxn,1977,236
vbakxgvwvharribjymbn,zgazshcckx,1984,867
vbnhkvgfwqvtmnxewcom,rmnmnqdmup,1867,892
vcibhqiejlkpesajzdno,vhfjgbtrft,1840,546
vcnurfknyhdoidzkzbzt,lmrblibadh,1968,237
vdjngqyfnyisnxleztae,vaabvzfpzq,1853,723
vexonmsydgcqlvbzzbnt,zzedmtmuhf,1868,776
veygtqvebdxxxchkfioi,ondskoiubm,1895,367
vgnpvntuobjytksocwjs,wbc qgtfdp,1828,830
vhpyweejxuqykzhhovhu,tailamaemk,1987,174
vhtuvdmmcvyizpsvlwre,jbdpzctxqm,1908,623
vhvuakwqqgtbfmuqkksr,zfacdftyga,1808,532
vhwydvrhdbvpvmsfebfw,xvgijlajlm,1929,881
viutsoxalplyhemhwwok,difmmcnyks,1870,439
vjyetbxaepuggjdbhijy,d fblzpckf,1892,465
vkgkejgkvrbmbvforqdj,ownqycaqdk,1908,213
vlfwtevoeuvtkqeeqorb,kkas tbcho,1902,783
vmvyfdkgedfmtkqqsdcx,zlygy odlq,1892,275
vnclgxmolvxdhxrrqsjz,dsgyhcxuko,1937,606
voebthgnjdrwutoivzbj,epziargfui,1814,707
volmgkdpljvkggnzmmiq,emkkxozbrg,1838,613
vthzilvzygmhvxjawlwo,soagobfal ,1876,399
vtmjydldzjruefylrljt,rhqtpqjnpu,1879,253
vtnlfnfhdljbpbooifjs,tzqpngyzym,1912,788
vusspqgcnvfaznqhafwv, yavfohnqk,1830,551
vuwsjaddqejijmqoawze,rminauzjos,1811,644
vxnathavkahzibkcvulm,tffsurryeo,1957,743
vxqurpamwwwbhrfibwad,hlhzuthvex,1840,581
vxwmzkqrayhfvpnymmsc,rshkamhqdp,1967,643
vyjomnbukyckhvkqhvfn,bxzzlnumzt,2016,189
vzfldnypqephjtwncvej,hatxbekvli,1880,336
wafdqnwtaxgttakpcgqc,cyvnschshp,1822,139
wbwtsgobhjrxjyuzszfe,omyuyoarjl,1900,539
wcbqgrqgpnkyiwtllvwy,frdapmvpve,1920,221
wceheablywniotsmwqwe,wlpnjbewpp,1826,736
wcjyawwawpjuuphpjgaa,m hjxjydtr,1908,119
wejpiqlzaauyyioxjknd,wfgofawubd,1855,532
wfuwmkueyvjcbjzeimfo,addhmnrpxq,1828,802
wgykwvubxmmxeidveluk,hgsossycgv,1918,663
whwgmgufwygfkfkyipur,dyuwhciodr,2014,154
wibnmudjmeyscdlqytfo,uldf oxzjy,1842,378
wilefqebyaqshyowwaqw,mqbfuokqiz,1885,778
wiuckcqqlxhediersmxy,fklpkdgiie,1895,157
wjhmilvmuqygnstodfib,ibgnruzcdf,1904,187
wjszmmywvxqqowokkqhr,tfplmxmvbc,1887,171
wlqhpzrgzypnvaflpbhz,rehigkqkzz,1881,140
wltplapdwbqfonyntoue,txhxodrqua,1824,784
wmlktwhgjlvvtqhttoej,lmagpwukza,1934,575
wnedkvqpfprjctjghvlv,kegsgzqlde,1830,336
wobwmajybgzupztcfibt,akthqvj yu,1924,481
woglcrbkahbqdakadzrs,hq lwdyggq,1994,165
wotdkpgvklxzuqudlpxr,ncrfdrhryd,1954,484
wouyadtzisqgygwdjjbq,dhwbozcaoj,1928,509
wprhehmugbhwhpzccwmi,wqamszzuzw,1836,489
wpzmjvjcdzvebeciauzg,nngstodhln,1817,429
wqcftkbgbgcrlpljldbn,cstthmvzza,1832,929
wthggkdmmynydkgbrwjf,cbqn oorcj,1909,331
wtjqmyvcpqttfzwbbxah,oumjkxhbkc,1900,493
wuynqzhriiiuhxglnawu,su xlzsaru,2019,463
wvijjmaixqiygmiqlzya,vtoksmhitu,1884,955
wvuylrkqifykwahizgel,fljhovxcec,1934,294
wwdtdlbhuyxpjybvkbol,bmoyquzfsa,1883,500
wwkxnqgzpitbkmmkatvv,bkdjnmrypy,1807,216
wxggblzuxbcjooxkijjs,ccjyyjsbpv,1829,837
wxmdimrmbppkqajfzjjv,ypslrcoajb,1883,549
wxonxwcvdaikwlqluhnb,vlkzwnijax,1956,544
wxpzkxfjgbxtdumdnzbo,vlqjf mtbe,2013,921
wxrfvmpsxhwpytfvgvbk,ug ojzgssf,1855,867
wyhegegtzgpnbnmktdqh, fyvncuhfw,1947,932
wylraetndjkyjfnnkaxc,btljefiiui,1861,460
wypgtfqevmlxsvuhryon,mixitnkgjl,1902,473
wyygpjeymuzfqftxlrgj,ur ptdymqi,1945,128
wzhvfwmwhbtijpaycmis,q  sdtaipd,2002,413
wzrslejtpebuukdvkzjy,fyba ujwr ,1981,457
xbjjrbrslukcatdqspty,xlpaaoloxu,1858,126
xclqtqmhukwtmiflasuv,nocrvmxaxn,1810,342
xcqaonlwkqfgjjfomiek,qksddvabcq,1949,911
xdbxkvicuoobzvlyagck,ifdxwjwjjf,1831,733
xdjwcciqbliucwbklqad,jrbickmgu ,1941,399
xgcewoidhfljunvlnfej,hwk drkelk,1904,541
xgkjhldbmwelyectbjyb,knst ysyzo,1808,128
xgzvrccvivuijdwntakt,dkcpkhdpkk,1851,635
xilzxjzjpduaxjndvdfj,cshtmaewmm,2012,783
xjnvdxkqsgkhyjejhcdt,yzlgexwhen,1898,695
xklkzwqngmvhhytpnsox,pzyfkodyoz,1937,216
xkpststgnvyviaftskze,uvggjdrvou,1942,386
xmfbhzamojufpxpqqwws,qxrqhtasqx,1804,723
xmhdshzhoqmvzzpftkhv,qqkggcw  h,1817,459
xmxvgzeejfhpxexkhayx,iuuth  ohg,1926,952
xngchlzrpypfsfkyumof,jfkj rm jx,1842,984
xnruovatqjwwomodgldm,rtgerocpin,1980,931
xoythubbjzvqrxbgslus,cdxgpnmtaj,2020,265
xpusxqmcelkjsmbphosg,ragbxjpjjd,1983,965
xqahlqjmriwctqafufoy,flplegwckg,1809,454
xskyjjkamjtjhyclwahu,pdngkvoiee,1970,425
xtitfwxmdxcdagdnvlan,htqpqagnfe,1880,282
xxbwmxatqlfgovfbdcgd,pk fipgqff,1886,977
xxqxzqtbqgytsymymoll,ehqpmde ym,1922,965
xypcchidnbqwushqqfgt,hvdmuuzdxu,1878,949
xytvcoxsircwzvtaeuty,fqbtphtcit,1898,996
xzhewqvgmzmvltpnpzdi,cadon ngzd,1962,693
xzofshtjufulkttmhaav,buh clvask,1889,907
xzpfgbdbfktaccyomfez,vejujjbrvu,1808,644
xzvjukziwxfsgmprkmkv,khhjrieamc,1893,176
yakiywxdcujhdjitilou,txjbhelqej,1968,444
yalmaxukhxzcrwolrafh,n jcqauyqs,2018,858
yanxxsoybzcjpoibuvsm,pfridfuqvf,1947,397
yboaxyxkvmcgywnqhxdx,lubzttsgyd,1840,972
ydahggupryhqvdjnqrdv,bxphakibps,1900,917
ydkavmpvonlxynvqgofh,ilikrmkevd,2006,687
yejwwpsjwnjvnsktmprb,egewdznpzv,1898,814
yerpajxcbphocaazmvem,ylkhmpjoas,1853,917
yexapmrybhayzjoskdem,nsxxvxswfp,1811,547
yezwanlbcqisexfabvux, luwbrqdit,1967,111
yfnhjcrwoldkzgrpwqay,vtlediycko,1912,388
ygdqwqsqjqkldfbgsrvu,telwphb ki,1950,860
ygdrhlcgurzmvxwtjsen,dxzbybzllo,1936,400
ygvynwksgyqtkzivrynm, yxbanpqux,1903,362
yhttyctdjuwnclwtxxjk,dglidlhknc,1896,904
yiezqbsrdlyffvzqkkbv,tcafdp gk ,1998,371
yishxeehdnxrdsfzojoo,lvflprprtk,1802,942
yjwyxwoqxbuwvejfgpfm,xxvyxtmfgi,1819,702
ykbggtrtnrteahvldlaz,pogthil sh,1845,763
ykzcrkckvorzgmirljkc,dbssnqgfrc,1940,976
ylburfqasshjcidsmium,fkvusihror,1918,379
yljittkyoedoooihwflz,vj nhm jmi,1897,734
ymzeseijuzvdygodhpft, u numkxpe,1894,461
ynwfzmzezzfixtuscriv,i zfyzqxxc,1845,535
yocwlkbotgxgoxbalivh,tvyws bitv,2019,853
yogcherhhhplyuffluvw,iiwsaxmzat,1889,473
yoyrlptgxdacismnjuid,kfqptininu,1969,133
ypnrfdfvwrlhfwvskxkw,wqzz rawry,1860,827
yqswemcydhyahbvgkvuw,hfinagjvmn,1865,468
ysjvgpnqddtfppfmhlcm,hrxccvbrdg,1937,675
yugsbvawcpykgrqlihcs,jgclswhfyt,1950,145
yupvjcxttqfbtlpjtnlz,wmmaidxtxk,1977,837
yutoejamsmzwsvqndwlf,fxvfmgzblo,1882,381
yuvavefhzarxliapkaxk,rehcguigtu,1800,834
ywpbtjqjxpuefkaadlwf,vkhugszdop,1951,764
yxuwjyhencfjyowbgajp,antjlwomyn,1833,387
yxzyfmffliumynsgonpb,xeaeo ahiu,1879,400
yyelpnrjvgdmhnwbgbqt,homxvuwhhp,1949,563
yyytfyweyaypyfqjnhkd,bwqf zkgog,1918,904
yzffntrjjxgtjbzwyxzy,dkwsjrniva,1896,686
zagwviimpwjhgzrqlqfo,hlu zapcuc,1913,673
zbafjcxoaitcpayljdaa,vt kpmvbgc,1882,936
zbswzlgoepxtulrdkcvf,xlmbjtksfs,1822,277
zcfdgjdthijccgodadxq,ytegcppleg,1871,736
zcivdcoomferkfatoakt,x jafwvp s,1849,878
zczvxpbytiznhymrrooe,gxftpu mtz,1922,683
zdclttnmnhveiivospqp,rjc mxbbsy,1971,448
zeljxevqwwgxhxrdwelw,glsppzoise,1981,768
zeyuatnkrgtlntwbsfwc,saxmu pm b,1905,642
zfnwqvjwwgzpjghgayci,s sijssbpg,1921,910
zfxfpqytdzufdmglplke,nsdjrewwge,1940,707
zgbgiyfnjicfpflmkxpf,vzydczu pu,1829,610
zgswyhwhzrfazuyvaxcx,djqdzphnjw,1887,571
zhchavrrajnkbytzresv,lxyiwjgdsk,2013,700
zheinlmqazmrhyfxioiz,ickwbcrgmk,1825,357
zhjpvmxkiuswutntdedf,tuqljqqkzj,1969,886
zhtwkarorgezxycxkrih,oe lvmkysy,1956,449
zjjlbrvjipbzjdfkuoqb,srkkmadddh,1904,400
zjthcgjyqzelwhilnsbl,v eqthnijm,1850,679
zjynnrfmhyclgdawggsx,erlo fpwv ,2010,781
zkyspeucvusirhopiheb,iyrqappiuv,1956,270
zlgtfnpmtrxitaoyuchp,tsccghmadn,1997,956
zlowmonuwxxflytinzdf,dpwxsrtkxz,1851,433
zlszouursgrfkplyyrny,imgdvtavpe,2017,431
zmqwgrftrviapejnesoz,fokk pkdfg,1855,907
zmszljkuztcwknpkjhid,vfphrmcq z,1975,237
znemcdgrbwwfyfrmcled, jstpsqzay,2020,191
zoetviwccuiqhmouwidy,tzrdq acdp,1835,130
zohthpuwwbkcxoqtznfg,qszvvhmgwx,1893,793
zoyuqkshffyzimrkilzj,ibogqrypjz,1896,665
zpdpkzavuafvrhorsyqs,nuisslpxn ,2012,215
zqexylfeukgtbjlnrers,lyzmudialt,1929,195
zskjddyrpcjubqkqhszi,axbeguxojy,1969,384
zsxisxfwijdycqktdaof,iolmmsqmrt,1942,277
ztjnhemrtwbowxyxbzlv,gwmkntnicm,1808,763
zuginyxxcayohipfxcsw,lrvguhmsht,2019,903
zutjfemioovyyzbjnacw,svykwwkuzu,1942,966
zuubknrbmokimaygmdqs,vjccvztnld,1879,282
zvlzkmcogyxuwllogvpz,misdqgdxia,1800,814
zwaovtfeaiwjpdwntpjj,gvrbhz acr,1908,901
zwfuybstuysifcjkwvum,lcf qr fsk,1876,924
zxgcpceyjixrcvgzuifl,ymobgabpto,1815,884
zyyiadwmlmeybqlyrzvs,yrtfxlk fw,1854,981
zyyvdlvawytmlpwoznxo,ptrlzxyheg,1873,442
