arojautknwxhllrehnmi,exjwzcpsom,1851,905
avrtvpvklipvahewicyp,bnhckltze ,1875,442
aygxooflbklzowovdkhs,xrguao sgq,1954,755
bjpimxxayoxoqwjziryq,lbbjzkofjk,1955,680
byjkmiffgbstogncqeok,agmcwtsjeg,1809,906
bypyozcelqbxegxocpfu,mfxtfxgq j,1999,173
chixebcdkpxkrdtotonu,fkjapsxqrq,1949,282
cmehvejwcztmkylohrkq,qfuddubwzd,1975,173
dbgninpduykhjuyusqqp,prmcv eeui,2014,683
dbrozjkkpbgmpaiumfur,bjcmluftwi,1988,244
deaswfrlmxubljiurtrr,wy hzyl xw,1818,985
dqlzmeurlbgkfifpwhcl,gijwpggliq,2014,959
dxrriwqzdbntupmzzjuj,oqplepnbum,1897,538
ekmrhuuylxrjdxivwmch,iaeyd wpph,1849,217
eoissgomufyiyiqjrneb,bpcvxszsrq,1830,625
etcuypnwejdmvmihrxsh,eqpzrumvxr,2018,793
ftqciovkdnfhimksmren,jxluykwwcg,1978,187
gdfzsgucxpoanpnjsqcr,phonahvmku,1931,727
grtkihlurerxcjjrllmn,owqfciecqx,1888,655
hkgtwymhdfeswcqayncq,nzzqoyukyf,1846,721
hsufjwmndxjjuhkeksrt,nijdvgybtd,1948,262
hufmgnieddoczuvvoazr,poflukqyru,1948,636
hxccboiatqxgyhgsyxzd,hgjkxuwnsz,1996,177
icicfmvlhalivcweluka,tomqbyimqd,1902,736
iddhbxubjxgkuiuyaucg,jq zdammnq,1836,466
iknxnyvyagbzhbqklvcl,eonqhcpmex,2010,525
isyssdnhhxomnewwvmcj,didbviaoku,1941,102
jmnsszecrofqdijntsud,wyczqkocvp,1819,932
jrultrgzwreehyscsibj,yaqplhrgak,2013,637
kauyytbamkcubboiblpq,pzzmqgbxck,1970,987
kjivusclyfjahydrksjs,hgjytwuhbc,1994,172
kobkknkpziqrggsgrhki,hwvoehenmc,1842,274
kvnjupqlqxguzqjpoais,tptfx drir,1842,263
kypepbrebxencrvocxgo,czazjcipem,1979,822
ldlvcwuwhqulevakepli,vfblufllpj,1815,269
ldrbyhpvhvqueetpfkjb, fmgeihmgi,1819,536
lhxrimwjzyizilmycdec,mt axqzunh,1951,111
lnczqkdccreqredneqmh,wfycsxsgwx,1873,463
lqvbqoixgrxdgieicuwq,bhxbogdgsb,2017,631
lrzkerctvxttkbpcxkld,rerumtzwee,1863,663
lsalhencxjhydgxkjiga,qzpuaqbjve,1953,294
lsvhfhyzqtxjfqihakqe,ghjufqxhov,1820,732
lzdcwuutrjylwfblfbmf,kevkaxylfn,1901,535
mkfhspvfiitozjrjtgyz,spfkidpwqp,1910,287
mmsbzbldsjoejspfcyta,befkizkcao,1853,697
mynpqaucgtcfigmfehun,ilmevporuz,1890,453
nhbxtjtyoexqghepwdks,xcpgpuebsp,1985,563
nsbuzwpycwsldyihuoug,pmrwugtvis,1937,258
nspvzeystzzrtrhhajbi,nymtpbssey,1946,359
nugmskwwklcrgsxobjnt, acek vssw,1821,613
nvcknypkoptdmhhlohin,flomldykwp,1845,792
oczkjcnrfjtzuhjybhjm,jxmjdwhnpk,1835,854
olugkbdrwrfsijtiwimn,fwaspxoibe,1861,575
ooozwskwnavjiburxtso,ywuulovhxe,1933,646
ovbtupyvkudglmcrfeig, s zonnlpw,1967,513
oxiitcjtunvwyujkeddu,rugywspigf,1890,893
pderdxsmqxpxzlugoapp,kgqhtfeaao,1880,884
phknujnxsltqwxlusjka,rqpvpaiftf,1976,397
pidjmiecoutumgiwgisy,donwlgmoyg,1821,102
poggkmlaqbyephficyaw,ewesppvort,1832,541
ptjnhbxtnicrdapcqvpj,ynllcidsgx,1886,554
pueznethtdhdnrrfwnzy,f ijvjztso,1975,443
pzqkdatobfhcppjxjpix,kagfpkuofz,1920,244
qexnuhrpbdxvmuinmbbi,wpanerjyzn,1969,745
qiuknvzycwjzdzflbdti,wuglytfyeb,1890,632
rhnsphbfixexjbywyotn,izvdzmnvsc,1991,483
rldfbxanoewrsdozhrlj,zkqbdkoxsm,1913,643
sbumxvrfvyyzfutlmniv,lybglursnk,1851,752
sgkjvicrwllqikkgitdy,cjgjbzlzam,1961,747
shmifdeywozjrhtodgbk,ksuddyfohy,1864,271
srhkcfgusjpkbsttholt,ibjbqhyfgh,1959,378
tdjaqkcuyclvfvwdxtrg,jostumigxv,1822,588
tgrdekdiujycyabfjmgy,yyamucb uc,1837,873
tmrujdhwlnbmfozeydgp,qxdmy fvrl,1847,475
tnbdqfwdvrjkxkdbfonn, d itvglgm,2011,509
tqnvgwgsbbwqmguyyhsp,swvzydrztq,1884,706
tshiifgjdaobyknwvstr,jeowutcuqw,1899,464
ukmldiolrhuwugwvfswg,lonjmiocqk,1880,834
uqiiaasxtekkhrpllqfe,ecscprjltk,1979,163
vbjwpkawjwlhkzmnlugn,lajdhbczht,1867,477
vgiquplgqahiahsdnahq,eyng  beas,1875,165
vmxoizscbcawgqvczgzo,qsiplfxete,1882,415
wsicqycedtzwhbthlbtr,kwbucastob,1987,617
wxcmvzjmyflayciwwobq,unyophwqtj,1996,519
xuttamitfnmrqpikjwai,kucnzawdpt,1945,482
xyfujwycxpibxiceuvra,mmaxstppzq,1855,338
yacskmqauutauzvmuiac,jpsyxnecsy,1912,191
yawnxcrgmodkhfowvbdh,henjpdkkvh,1872,942
yccpjptkbaodeaqaxhgx,iudpuovosw,1881,887
yjantjtczhcomvagdfto,turtdqj fe,2015,878
ywfwaelmarnwfvjwyitl,kuoddsnoxc,1941,234
ywwaqcdkrmlfhtfbcyhv,llsxinxlol,1931,952
yzkaxnqntuiptxtbiqdg,oeqs mnogu,1878,925
znsjfwgglunarrelippe,nyywzdyz c,1891,691
zpppbgptwwtblhgwvycm,czyhahiorb,1991,237
zqmfknxqilmfzcadiuee,mihvkdefek,1939,158
zrrosajoxnhksuotkzkl,g ygehkgcd,1889,344
ztjovwqvxxylkfozdhxl,xeuuozntzi,1874,368
ztwxpqjtqkbwmzgsidcq,ghquoaydeb,1872,803
zuxinxegyyfmiucqeots,fnubzwawus,1826,931
